"","VIS_min","VIS_max","VIS_mean","VIS_mean_distribution","VIS_contrast","VIS_entropy","VIS_second_angular_momentum","IR_min","IR_max","IR_mean"
"1",3,30,3.79279855103366,0.0038,7.1375,0.5217,1.1414,234,251,248.9492
"2",3,97,12.2773,0.0295,173.4167,0.1014,2.8606,204,243,237.0938
"3",10,144,59.6563,0.0733,566.8209,0.0274,5.60687427017703,180,243.170177383236,216.4922
"4",2,153,23.4492,0.0514,595.8793,0.1139,6.20910434852103,161,241,227.7656
"5",2,119,12.082,0.0357,286.2708,0.1026,5.80373647724783,186,241,234.8555
"6",4,65,15.9688,0.0236,84.4083,0.0863,2.7662,227,246,241.2344
"7",2,95,15.2148,0.0368,258.8583,0.0902,2.78137626980594,209,253,244.6836
"8",6,139,33.9648,0.0713,631.9625,0.0302,6.2870376303672,184,240,224.0313
"9",42,159,101.8555,0.0615,375.9,0.0316,5.20214359720116,191,224,201.5898
"10",11,153,54.9297,0.0918,880.5958,0.0237,5.56915694036398,184,243,220.7422
"11",10,143,70.5547,0.0479,227.1,0.0378,5.58016109868949,178,245,206.1016
"12",2,120,16.082,0.0413,392.1208,0.0961,3.15426725570378,204,250,242.0039
"13",7,118,41.1797,0.0486,274.5833,0.0395,7.43004626763481,135,233,199.1094
"14",2,21,4.0586,0.0033,4.6417,0.4841,1.1516,240,255,249.8438
"15",7,97,20.2109,0.03,130.2333,0.0636,3.0171,197,246,237.8203
"16",5,144,27.0195,0.0591,538.9,0.0397,4.98443373318683,187,246,233.1328
"17",7,91,25.6641,0.0403,266.9459,0.065,6.96330607844885,192,237,225.2227
"18",5,176,53.1094,0.0987,1288.9708,0.0249,5.37503516728192,168,251,223.2227
"19",7,122,29.9023,0.0601,441.9375,0.0378,4.761260758492,197,246,232.6328
"20",47,221,125.4492,0.1125,1242.8458,0.0216,6.11443289341017,135,210,168.1211
"21",3,152,21.0352,0.0396,249.0417,0.0532,3.15829180606306,198,249,239.9805
"22",5,240,72.793,0.143,2208.5168,0.0177,6.9106122663902,168,249,216.6797
"23",4,71,15.0313,0.026,124.8333,0.0943,8.4288,210,241,235.0117
"24",6,167,65.9844,0.0916,917.9167,0.0229,6.71886678080793,159,240,204.5313
"25",7,135,36.2227,0.0585,425.4126,0.0343,5.83590496756411,179,242,225.8789
"26",4,195,53.8164,0.0879,1037.5459,0.027,4.70925724781291,186,250,226.6445
"27",5,130,31.7852,0.0509,407.8292,0.057,4.21297761277023,202,246,234.3242
"28",5,169,39.3125,0.072,868.6791,0.0431,7.21732413086465,77,237,203.2266
"29",5,103,10.2656,0.0127,74.0583,0.433,1.5578,197,249,245.4648
"30",5,56,9.1563,0.0101,32.6667,0.2477,5.6667,212,237,234.7891
"31",7,205,96.7656,0.0883,890.475,0.0241,6.8307829763794,155,239,189.6523
"32",7,171,73.6289,0.08,740.1833,0.0255,7.01235877212937,151,236,193.3711
"33",1,30,2.6094,0.0068,19.4958,0.3549,1.4974,236,250,248.3047
"34",4.49912587470809,177,43.0898,0.1078,1329.1333,0.0207,5.00392102158618,184,250,227.4492
"35",17,166,79.8828,0.0999,998.5709,0.0215,7.49588430746723,119,228,174.6563
"36",12,137,51.0352,0.072,584.0667,0.028,6.91095732245715,167,233,210.4688
"37",7,82,22.8125,0.038,205.9708,0.0563,6.081910609223,198,240,230.6133
"38",6,168,49.3633,0.075,718.3375,0.031,5.17703569432177,180,247,223.5664
"39",2,37,3.9688,0.0073,22.9667,0.3842,1.544,231,254,251.2969
"40",6,135,56.3633,0.0805,749.2582,0.0265,6.4545197518535,165,241,208.1563
"41",5,97,21.7852,0.0391,227.6583,0.0538,7.02738549763372,191,235,225.25
"42",2,19,2.2461,0.0017,4.1667,0.7647,0.5668,240,249,248.418
"43",3,135,41.9063,0.079,690.3291,0.0259,6.69787806186023,167,239,213.7188
"44",9,147,34.7109,0.0557,390.6625,0.0402,6.36175992127128,174,239,223.8047
"45",5,216,67.8633,0.1121,1719.0831,0.0259,6.4579414825095,170,245,215.2891
"46",7,120,37.2461,0.0545,400.5667,0.0418,6.39962514913772,179,239,221.7539
"47",3,10,3.25,0.001,0.7708,0.7467,0.5507,244,248,246.9883
"48",5,151,23.0742,0.0395,366.2625,0.098,7.11250129240719,156,236,222.9531
"49",1,58,9.5625,0.0328,158.4333,0.0648,3.0717,224,250,245.9805
"50",3,57,7.3477,0.0147,67.3208,0.2262,2.11,217,252,247.5938
"51",9,141,48.4844,0.0798,701.4626,0.026,4.96626734529398,189,246,226.5469
"52",3,135,27.293,0.0681,659.5043,0.0403,3.94384199852959,185,250,235.8516
"53",5,199,24.082,0.046,377.0042,0.0601,4.68542351618323,170,247,234.7109
"54",4,46,8.6211,0.0117,25.6583,0.1656,2.1082,215,246,237.9766
"55",5,213,32.1258620338713,0.0781,701.7667,0.027,7.04892333654152,153,237,190.1406
"56",1,164,9.1016,0.0239,398.3125,0.4696,2.29256819683078,186,250,243.6953
"57",7,170,72.9219,0.1108,1265.1292,0.0201,7.29828618556962,143,237,193.1367
"58",5,199,90.0664,0.105,1170.2292,0.0201,7.3156663669357,151,235,187.7969
"59",3,12,3.4453,0.0011,0.5208,0.6727,0.6575,241,249,246.7813
"60",2,126,21.0586,0.0406,308.3583,0.0684,6.56945088974645,174,240,227.5859
"61",1,162,19.5078,0.0475,646.5125,0.2263,2.83057254600593,198,253,244.3008
"62",5,122,21.7578,0.0352,217.4709,0.0659,3.49505985157912,205,246,238.5742
"63",5,169,60.9102,0.0964,1006.0501,0.022,7.05360833557199,155,237,202.3008
"64",7,134,45.6914,0.0808,752.5624,0.0286,5.68835008408518,171,245,220.9219
"65",1,4,1.2266,0.0011,0.3458,0.6255,0.6486,250,252,251.5586
"66",4,93,19.9805,0.0235,93.7375,0.1048,8.166,184,239,228.0781
"67",6,164,78.375,0.061,405.325,0.031,7.34236350240236,131,236,180.3594
"68",2,31,3.2344,0.0029,5.5583,0.5087,0.9464,234,253,250.5547
"69",10,161,60.4297,0.0745,589.8209,0.0266,5.97868170795656,170,243,213.9102
"70",4,115,23.5625,0.0481,334.6917,0.046,6.42250430475294,178,240,228.1953
"71",3,108,21.3086,0.0616,496.3333,0.0354,3.58991900272466,197,250,239.7617
"72",7,200,57.082,0.1108,1404.3376,0.0211,5.98762703378599,172,246,221.125
"73",4,94,17.5625,0.0357,212,0.0617,7.02150293720444,186,234,226.668
"74",5,205,84.6445,0.1056,1245.9875,0.0221,6.95679250475736,159,239,198.4531
"75",2,5,3.0039,6e-04,0.1792,0.7368,0.4623,247,249,248.0234
"76",6,181,73.2891,0.0972,1046.5958,0.0217,7.15188732358444,152,234,194.8008
"77",3,37,6.1211,0.0112,28.5292,0.1862,2.0815,235,253,250.4141
"78",5,23,7.0664,0.0062,8.1,0.2775,1.677,234,245,243.4844
"79",5,170,33.3945,0.063,663.4084,0.0471,7.22656385201326,161,236,218.9219
"80",2,19,3.2383,0.0028,3.3625,0.4943,1.0711,239,249,247.0039
"81",5,205,99.9414,0.1065,1388.9626,0.0221,7.64779125000102,152,236,186.0313
"82",7,166,79.1953,0.0908,832.1459,0.0232,7.26527680406088,129,236,184.6719
"83",4,144,28.6445,0.0533,383.5667,0.0395,7.08175343931358,163,234,220.2539
"84",2,83,5.5898,0.0117,60.2958,0.3911,1.6752,210,253,249.6172
"85",2,3,2.0039,0,0.0042,0.9917,0.027,247,250,248.3203
"86",3,111,17.8164,0.0331,167.1458,0.0639,3.0648,186,241,232.7109
"87",4,24,5.332,0.0037,4.3083,0.3931,1.2993,235,247,245.4297
"88",3,52,13.3203,0.0209,65.2042,0.0938,2.6676,215,247,239.6445
"89",6,158,54.6758,0.0455,261.1667,0.0462,7.230416109767,135,237,200.1289
"90",3,169,57.9648,0.0844,802.8417,0.0263,6.90912535719983,153,237,203.0938
"91",11,158,47.8906,0.0711,541.6167,0.0274,6.1911470397869,164,242,220.3672
"92",5,116,57.4102,0.0376,142.475,0.0491,3.1488,173,243,202.9336
"93",10,163,67.668,0.1012,1031.3042,0.0204,5.93951733218134,169,245,212.0195
"94",9,149,52.8516,0.069,545.2167,0.0307,6.78441414774645,160,236,207.9727
"95",11,153,68.3281,0.0682,483.3875,0.0291,6.06112103649863,168,243,209.9297
"96",4,146,23.6484,0.0569,513.575,0.0432,4.00173361291816,185,250,237.8672
"97",12,186,114.2969,0.0904,843.9,0.0223,7.4484913026701,122,231,169.7031
"98",4,139,41.207,0.0755,641.1833,0.0262,3.97163727383591,194,251,232.6094
"99",5,118,35.6602,0.0539,355.0542,0.0385,6.78313402301589,174,237,219.3516
"100",1,66,9.3008,0.0309,145.0542,0.074,2.9974,225,250,244.6641
"101",4,197,77.4805,0.089,874.4709,0.0243,6.86417214500565,155,239,197.2773
"102",2,88,10.9102,0.027,130.075,0.0887,2.8226,214,252,244.0508
"103",4,61,10.457,0.0166,46.9792,0.1185,7.3728,198,234,230.6445
"104",2,28,3.7188,0.0023,3.8917,0.505124335259949,0.8424,237,247,245.6055
"105",2,133,15.5938,0.0407,397.5209,0.1011,2.88882014893199,199,253,244.2344
"106",4,35,9.8555,0.0136,26.7917,0.1357,2.3037,234,249,245.4414
"107",5,140,56.4023,0.0447,209.0376,0.0409,5.81882621019753,169,245,206.5156
"108",10,194,85.7891,0.107,1210.7958,0.0202,7.56602433466269,150,231,189.0039
"109",4,87,11.082,0.0176,73.1667,0.1402,2.4358,218,246,242.7539
"110",5,175,55.2227,0.1108,1388.7749,0.0192,5.49607062580158,174,249,222.1836
"111",6,68,12.2148,0.0141,35.825,0.1419,2.327,224,246,241.9492
"112",2,97,14.9961,0.0447,313.5833,0.0525,3.018266816192,206,252,244.0039
"113",4,9,5.0703,5e-04,0.1875,0.83,0.3714,242,246,245.1914
"114",2,41,4.6797,0.0113,28.1583,0.1869,2.0824,233,251,247.3555
"115",6,136,31.125,0.046,284.6208,0.045,4.53755607389187,188,247,232.8906
"116",2,214,32.957,0.0554,636.8,0.0981,4.42577548602255,164,252,233.6875
"117",6,123,19.9219,0.0364,200.7167,0.061,3.91000301501223,196,247,238.332
"118",6,90,17.6133,0.0195,74.4125,0.1294,2.5561,214,246,240.207
"119",3,195,58.9219,0.0575,614.7667,0.1009,6.52588558822623,153,240,209.625
"120",8,152,41.9141,0.0559,383.0833,0.0389,6.87136634715301,158,238,214.8828
"121",4,102,33.6484,0.0746,647.6917,0.0286,4.21776382046584,200,250,232.5352
"122",7,140,58.1406,0.0569,325.8417,0.0344,4.86135351002863,193,245,218.3984
"123",26,194,115.9531,0.0806,697.8165,0.0261,7.5216230298834,153,222,173.4766
"124",47,215,86.6349140578047,0.0559,383.2834,0.0389,4.39494046836386,189,225,194.0938
"125",5,169,54.0313,0.1016,1303.7709,0.0224,4.98924259110918,176,252,225.3438
"126",7,201,121.0664,0.0758,676.35,0.0275,7.46683045343185,77,237,154.6992
"127",5,171,55.4023,0.0767,674.8625,0.0269,6.60782249785132,162,239,211.4023
"128",4,124,24.1992,0.051,407.6833,0.0473,3.93710935194874,188,249,237.5625
"129",11,152,66.7578,0.1063,1139.9873,0.0205,6.16142290107129,178,242,212.2383
"130",4,26,6.0469,0.0042,6.125,0.3643,3.9807,219,239,233.8672
"131",17,184,108.1953,0.0688,522.4084,0.03,7.05201287735101,157,230,178.6992
"132",1,55,2.7969,0.0072,19.5167,0.3352,1.5635,227,253,251.7109
"133",4,222,60.9844,0.0957,1504.2086,0.0684,5.74307780233185,166,250,222.1797
"134",7,182,46.8984,0.0909,1026.0416,0.0242,6.85924765051808,164,237,212.6016
"135",5,159,33.4922,0.0589,563.8494,0.0469,10.5615,161,237,218.1133
"136",13,162,73.3984,0.0909,835.75,0.0232,5.80972976052271,179,243,210.3008
"137",9,151,35.6602,0.0508,372.4959,0.0452,6.01452845757352,171,242,225.4688
"138",4,189,46.25,0.0591,718.1918,0.1233,6.6439224846585,151,239,215.3125
"139",5,151,46.3125,0.092,986.0541,0.0233,6.54425174379406,165,240,215.5352
"140",3,132,54.2813,0.1024,1131.3667,0.02,5.16430777479006,180,249,217.293
"141",4,147,32.7305,0.0855,1019.1,0.0285,5.2543684174876,174,247,231.6484
"142",4,216,68.3242,0.1225,1737.3627,0.0191,6.30819820364565,166,250,216.9961
"143",7,85,13.6797,0.018,85.6792,0.1923,6.8376,198,239,232.918
"144",4,130,36.7695,0.0633,486.5083,0.0341,6.1549160175205,182,241,222.2852
"145",5,79,16.1094,0.0254,96.9042,0.0814,8.4918,200,242,234.1055
"146",7,147,46.2578,0.0704,571.525,0.0292,5.11664628403235,183,247,225.0117
"147",7,129,35.8242,0.0527,336.8209,0.0359,6.39857412025028,174,238,221.6133
"148",6,177,75.1914,0.13,1686.2124,0.0167,6.65176587877166,174,247,213.0195
"149",8,85,18.2852,0.0186,73.5792,0.154,2.4113,220,245,239.7813
"150",8,176,66.5781,0.0909,856.1791,0.0226,6.87326021661798,154,238,204.1563
"151",1,156,10.5234,0.0301,421.5333,0.29,2.42659291823168,204,254,249.2617
"152",7,146,38.375,0.057,396.1917,0.0355,6.33193538403869,182,238,221.957
"153",3,118,16.6289,0.0369,308.7208,0.1242,5.7219159220592,183,242,235.1836
"154",1,4,1.8203,7e-04,0.1917,0.7196,0.4836,245,250,247.9805
"155",16,191,93.1797,0.0832,666.0958,0.0252,7.16558648146613,155,230,184.8125
"156",7,189,80.5117,0.0771,648.3583,0.0268,7.04411805438534,153,235,189.6445
"157",6,86,17.4297,0.0217,83.7375,0.1007,2.6947,212,245,239.1953
"158",4,255,75.4414,0.1608,1852.4768,0.0164,4.3005,166,245,210.7773
"159",2,205,58.7461,0.063,656.2458,0.0663,4.50292906399686,182,250,225.1016
"160",7,206,80.8594,0.1137,1413.9001,0.0207,7.36334151186005,153,239,198.2578
"161",3,93,15.2617,0.0366,214.025,0.0626,2.81741575790923,209,252,244.2734
"162",7,148,38.0195,0.0719,664.7792,0.0304,6.34328560982474,176,239,221.918
"163",16,195,95.4258,0.1085,1181.0459,0.0196,7.31941464987249,157,231,190.1133
"164",3,203,52.6992,0.0741,917.8332,0.0527,4.47452249100701,173,254,226.7539
"165",19,176,93.3633,0.0703,511.6166,0.0276,7.06088819985355,155,227,185.0664
"166",6,229,97.625,0.0719,613.7458,0.0301,6.98313525985833,173.329620343545,237,134.0742
"167",5,179,32.0039,0.0635,671.1791,0.0465,6.51323637576304,158,240,225.4648
"168",3,134,26.1445,0.0622,540.1666,0.0364,5.2326961715664,174,246,231.3125
"169",2,3,2.5703,7e-04,0.175,0.7112,0.4637,246,249,247.7109
"170",6,195,39.8359,0.0785,846.6833,0.0294,6.14585854618205,170,241,224.2539
"171",1,2,1.0273,1e-04,0.0292,0.9434,0.1318,250,253,251.625
"172",4,7,5.2891,8e-04,0.2792,0.7298,0.5198,243,246,245.1914
"173",4,90,19.082,0.0506,350.9167,0.042,4.53993186524374,197,245,233.3984
"174",2,95,18.3789,0.0427,249.25,0.0482,2.84260511575785,209,253,243.9805
"175",3,99,9.7109,0.0177,155.2125,0.2399,6.0564,186,240,232.8398
"176",5,150,62.0859,0.0404,183.8167,0.0485,9.6609,139,238,193.7813
"177",3,73,11.3594,0.0183,64.1125,0.1161,2.5362,216,248,243.7344
"178",2,49,9.8398,0.0279,110.1083,0.0719,2.9586,219,250,244.957
"179",3,121,24.2266,0.0734,844.8792,0.0359,3.58759885738832,185,252,239.0977
"180",10,84,31.4102,0.0476,261.8625,0.0396,4.09033964114407,215,243,233.6133
"181",5,136,20.0273,0.036,257.6458,0.093,6.67982131617988,170,239,229.375
"182",3,118,17.8242,0.0259,129.1708,0.1298,2.6811,206,249,241.8984
"183",4,50,10.7383,0.0165,41.6083,0.108,2.4785,233,248,244.2227
"184",8,161,53.1133,0.0846,785.0792,0.0256,6.73177466936575,161,236,210.7227
"185",15,190,82.2031,0.0769,628.6542,0.0249,6.85687180623059,157,231,192.8516
"186",6,105,28.4531,0.0577,467.5251,0.0411,4.26050401928516,202,248,235.7188
"187",3,113,29.5156,0.0557,376.3667,0.0368,6.01215318285663,183,242,225.5
"188",35,221,136.0742,0.0841,725.5333,0.0261,8.56991846249239,65,220,157.1016
"189",10,153,50.5859,0.0732,712.0917,0.0362,6.26637458893307,163,242,217.0117
"190",3,170,25.4219,0.0544,517.7584,0.0661,3.35747886194753,185,253,238.2422
"191",12,166,81.5664,0.0862,802.5792,0.0237,7.26900147251254,153,229,188.4922
"192",39,195,131.2539,0.069,469.7583,0.0276,7.16822218589245,153,214,165.8008
"193",8,116,38.3242,0.0735,582.7875,0.0275,5.47971155919727,186,245,227.1836
"194",3,86,22.2461,0.0486,310.9292,0.0433,3.37991637308381,212,249,239.0742
"195",1,167,10.0195,0.0222,254.6292,0.3353,2.50078662803607,186,249,244.7969
"196",5,94,18.4922,0.045,292.7584,0.0496,3.25300895616767,208,252,243.1445
"197",5,130,46.7188,0.0506,307.0542,0.0408,4.5723194182232,197,247,225.2695
"198",8,190,75.4492,0.1282,1754.7539,0.018,7.86288190975369,166,239,203.5781
"199",3,7,3.0859,3e-04,0.0958,0.8823,0.2491,245,249,247.0508
"200",9,166,55.1602,0.087,845.2292,0.0258,5.36773933565928,176,246,220.125
"201",4,128,22.0547,0.0403,298.7,0.0823,6.99875386904641,172,236,224.1055
"202",1,16,1.5469,0.0023,1.9917,0.4757,0.9583,244,252,250.9414
"203",8,157,53.9492,0.0932,974.6835,0.0232,6.66272254649726,158,237,210.4531
"204",7,112,35.1484,0.0543,352.05,0.036,4.4422098575021,201,246,231.4883
"205",10,146,51.0273,0.0613,417.4333,0.0307,5.91746685329255,176,243,218.4023
"206",13,178,91.9688,0.1058,1085.3584,0.0202,7.36790083182324,149,233,183.2969
"207",3,21,5.0078,0.0064,8.0125,0.251,1.7061,238,249,246.4961
"208",14,192,97.6016,0.0854,758.9916,0.0238,6.9918594790356,155,233,186.6211
"209",4,168,61.0234,0.0914,993.1415,0.0258,6.93734777097589,155,239,203.9375
"210",9,114,36.5625,0.053,326.45,0.0377,7.01290062436564,184,234,218.4648
"211",6,189,55.3633,0.0949,1084.2374,0.0245,6.86413377961025,157,238,211.6875
"212",17,159,80.0039,0.0889,837.4585,0.0226,5.95921496316189,172,240,207.0781
"213",5,107,32.6094,0.067,571.7417,0.0318,6.06438421093357,193,240,225.3438
"214",7,120,38.2266,0.0648,459.1791,0.0311,4.64010798753509,193,247,229.3086
"215",8,125,49.918,0.0819,713.4958,0.0253,5.2923567443586,192,245,225.3711
"216",5,164,19.9453,0.0372,288.9458,0.068,4.12112919871606,190,246,238.6445
"217",13,194,109.4297,0.064,426.8417,0.031,6.37378641057234,153,241,186.4023
"218",5,195,67.9102,0.128,1989.3917,0.0209,8.53595776316577,132,238,202.3711
"219",19,187,95.0781,0.0953,968.8416,0.023,7.17956905105196,154,230,183.8008
"220",5,71,14.9961,0.0243,76.8792,0.0772,2.7983,221,247,241.7383
"221",4,190,37.6953,0.0549,575.3,0.1141,6.49612758440726,153,240,219.4688
"222",6,173,50.9258,0.0722,673.3333,0.0296,5.59915255070897,168,247,220.293
"223",5,97,18.0469,0.0297,145.2167,0.0749,8.8122,195,246,238.5859
"224",2,4,2.9805,1e-04,0.0292,0.9434,0.1318,247,249,248.4219
"225",2,137,15.7031,0.0462,425.9,0.0733,3.16620017417165,193,250,241.8203
"226",1,8,2.0742,0.0016,1.0417,0.5978,0.7845,242,247,245.3242
"227",9,222,69.2031,0.137,2114.1338,0.0185,7.29891065869456,171,245,213.7188
"228",5,66,17.4961,0.0309,133.8125,0.0663,3.0308,210,249,240.9531
"229",3,177,26.8125,0.0349,271.0792,0.1171,6.44780117842412,154,239,223.1211
"230",2,28,3.7773,0.0038,5.9,0.3943,1.2654,236,252,248.6445
"231",7,142,39.0781,0.0638,509.2417,0.0321,5.11565915545805,185,246,227.8516
"232",6,106,29.2969,0.0391,181.4458,0.0487,3.2363,209,245,233.0039
"233",12,187,70.8711,0.0997,1056.1833,0.0214,6.87036216701378,168,235,206.0313
"234",5,224,97.0195,0.0839,798.946,0.0249,6.83584012453982,153,239,188.3047
"235",5,153,45.6563,0.0884,1035.2167,0.0282,6.49120976730479,164,241,216.1875
"236",3,214,94.4102,0.1502,2301.396,0.0161,8.44088965924246,168,247,202.5234
"237",6,104,22.457,0.0334,156.1417,0.0603,9.2976,187,242,232.707
"238",1,2,1.1563,6e-04,0.1625,0.7278,0.4438,249,253,251.1328
"239",5,141,34.7695,0.0768,763.825,0.0327,5.25980595288363,186,246,230.1445
"240",4,179,62.2539,0.0854,905.2333,0.0265,6.91026665948018,153,238,204.3789
"241",3,109,25.3242,0.051,318.9334,0.0432,5.36919861255907,188,244,229.1797
"242",5,111,44.1211,0.0543,315.2,0.0378,4.24453750403198,204,246,230.0234
"243",1,15,3.8516,0.006,7.4417,0.3213,1.6072,240,250,248.043
"244",3,206,52.6367,0.0755,1029.5874,0.0942,5.88076146990806,164,242,219.0195
"245",10,136,52.9727,0.0876,803.9916,0.0232,6.88000169035394,161,234,210.5117
"246",5,135,34.6055,0.0605,509.9125,0.0406,5.74047256782292,168,245,224.7344
"247",8,166,49.8047,0.0771,708.3999,0.0266,5.31629409565053,175,246,222.2891
"248",1,36,3.3633,0.0058,16.5917,0.5305,1.2302,231,249,245.9766
"249",7,188,84.0508,0.0947,901.7875,0.021,7.09837256174179,150,236,187.5078
"250",5,52,15.75,0.0232,69.025,0.0778,2.7946,223,246,239.75
"251",7,177,81.7383,0.109,1259.3628,0.0214,7.25858597801464,157,236,194.1172
"252",7,152,29.6172,0.0472,336.2209,0.0535,6.85266229581445,166,236,222.5391
"253",5,96,31.6719,0.0626,449.7834,0.0313,4.06442108068809,206,249,233.5313
"254",12,158,78.293,0.0853,780.3292,0.0257,7.05595968851447,157,233,189.5586
"255",2,63,5.0859,0.0097,47.8208,0.3764,1.6109,220,249,246.8516
"256",3,117,13.6172,0.0329,246.2501,0.0928,3.8376712677215,189,246,238.043
"257",19,179,91.793,0.0972,1048.275,0.0227,7.24906560665147,153,228,184.6328
"258",5,147,45.4648,0.0721,597.7458,0.0284,7.09514137762762,157,237,211.5039
"259",5,145,43.7383,0.048,269.7083,0.0418,5.18783444040405,170,247,220.3594
"260",12,105,41.4961,0.0588,360.875,0.0347,7.06317022690979,181,233,216.2734
"261",3,84,21.125,0.0472,275.275,0.0455,3.59634489289784,204,249,237.3398
"262",8,127,48.5703,0.0594,390.9709,0.0324,5.24428147454058,182,246,221.0469
"263",4,70,8.3281,0.0155,68.4583,0.2043,2.2059,217,247,244.5469
"264",5,144,30.6484,0.0561,411.7458,0.036,4.52864569459632,181,248,233.1172
"265",20,250,130.4609,0.1224,1437.5668,0.0176,7.72064945823857,164,236,184.6328
"266",6,215,108.1289,0.0938,950.525,0.0233,7.12739038642836,152,236,179.5859
"267",3,136,44.7813,0.0347541369221683,433.3792,0.0394,7.00325998758482,152,238,205.6914
"269",7,186,79.3828,0.089,820.0502,0.0238,6.9328506608813,150,238,197.5703
"270",9,209,89.4766,0.1182,1490.5878,0.0181,7.89850543762676,158,236,191.3047
"271",9,105,38.4688,0.0651,481.4042,0.0295,4.94816438863747,194,246,230.3086
"272",1,176,19.1797,0.0285,326.0917,0.2489,2.66903448196858,191,254,243.4102
"273",5,143,31.1484,0.0587,500.125,0.0445,5.29346897426499,183,245,228.9609
"274",4,160,41.6055,0.0551,539.5708,0.074,7.34666889401781,139,236,201.6289
"275",5,184,56.9219,0.0863,1055.2042,0.0354,5.58312547682579,170,248,218.5664
"276",1,24,1.9258,0.0029,4.9667,0.5385,1.0232,243,254,252.9453
"277",3,136,16.9258,0.0441,333.4041,0.0585,4.18743044172875,187,247,236.8281
"278",1,2,1.2109,6e-04,0.1542,0.7392,0.4299,249,252,250.7188
"279",65,164,111.7031,0.0436,196.6625,0.0418,3.2995,192,212,198.8906
"280",10,204,98.4141,0.095,983.5042,0.0216,7.00892732408796,152,237,186.1641
"281",6,100,14.1758,0.0151,63.1792,0.221,2.1706,199,244,239.6602
"282",5,164,33.5781,0.0617,487.05,0.0347,4.69576368238655,187,248,232.6328
"283",10,176,63.418,0.0906,880.8293,0.0227,5.43659107898972,176,246,217.5781
"284",5,190,57.1836,0.0568,388.4958,0.0398,7.24749277300331,135,236,195.3125
"285",8,173,72.4102,0.0946,995.6042,0.0213,6.73404848099722,168,238,204.6719
"286",8,108,30.5391,0.0483,282.3375,0.0403,5.11314260894504,186,245,231.1719
"287",3,17,4.168,0.0031,3.7417,0.5035,1.1148,240,250,247.7148
"288",11,197,97.0078,0.0932,955.4875,0.0233,7.31580809884748,153,231,184.0898
"289",3,157,33.0313,0.0848,941.4208,0.0254,4.18611084611597,184,251,234.5391
"290",4,182,43.3984,0.0539,397.3417,0.0434,6.87417077441339,153,238,214.7773
"291",2,111,7.0898,0.0171,136.7458,0.265,2.0251,212,250,246.3906
"292",3,29,4.6328,0.0042,7.5333,0.3978,1.3112,234,246,244.3594
"293",5,166,53.875,0.1003,1156.6749,0.0208,6.61223196269851,164,241,211.7656
"294",14,173,78.4219,0.0946,896.3542,0.0219,6.96276398412933,154,234,193.5469
"295",3,75,8.4844,0.0141,68.1792,0.3038,1.9565,217,250,246.1484
"296",6,82,20.2539,0.0229,78.2833,0.0887,2.7629,205,245,236.8828
"297",7,128,37.2461,0.0532,328.7125,0.038,5.43373219688176,183,245,226.4727
"298",5,169,37.8711,0.078,881.1875,0.0348,5.23012665651644,171,247,225.4375
"299",9,203,110.4414,0.092,845.2166,0.0219,7.11550117254256,154,235,179.0625
"300",10,174,81.0234,0.1048,1070.6042,0.0192,6.11166101399498,166,245,207.6992
"301",4,98,15.8633,0.0354,215.0417,0.0646,3.28906654506727,202,249,241.1992
"302",12,194,92.2617,0.0963,926.2626,0.0235,7.1582693481877,154,232,186.7617
"303",9,182,61.3516,0.089,958.3293,0.0239,5.86639139826463,172,244,216.3828
"304",3,45,6.0781,0.0054,12.15,0.4119,1.3403,228,250,248.1836
"305",7,83,20.9219,0.0251,100.5083,0.0927,2.8012,212,246,237.9453
"306",5,197,49.6719,0.0797,846.6208,0.0328,6.90971488218753,157,237,212.7734
"307",2,119,16.3945,0.0194,86.2417,0.1371,2.4762,196,249,240.0625
"308",4,121,19.6211,0.0302,158.7042,0.0855,2.9024,189,250,238.8281
"309",5,150,28.1211145271725,0.0951,909.2542,0.0236,6.10847673771422,175,244,211.6484
"310",2,26,3.2188,0.0018,4.5458,0.7206,0.631,239,251,249.3672
"311",6,208,73.2266,0.1422,2191.6042,0.0156,7.35095917369804,171,247,215.0234
"312",35,198,101.1094,0.0712,524.2876,0.0272,7.28658761029842,155,215,180.1602
"313",2,4,2.9375,3e-04,0.075,0.8613,0.2664,247,250,249.3906
"314",10,161,54.9258,0.0749,605.9542,0.0275,6.97825432502907,157,234,207.8125
"315",2,211,50.582,0.0688,825.475,0.0603,4.2712285689633,185,252,229.2188
"316",1,2,1.9453,2e-04,0.0625,0.8828,0.2338,247,250,248.3398
"317",18,183,90.6641,0.092,850.8126,0.0253,7.07320095016599,155,231,187.6992
"318",7,125,48.7578,0.0697,578.5251,0.0281,5.39854722353773,191,243,221.957
"319",7,146,50.5313,0.0936,907.8249,0.0213,5.2953243334596,192,246,224.3242
"320",7,148,60.3711,0.0903,874.175,0.0232,6.62520534494997,166,238,207.4219
"321",7,145,39.4883,0.0745,641.6083,0.0295,5.07925217343978,191,246,228.8242
"322",4,178,50.5742,0.0816,763.6292,0.0245,4.55892985253277,180,252,226.3555
"323",4,148,34.5859,0.0861,927.025,0.0249,5.4822715449097,186,243,227.2773
"324",8,151,59.1992,0.0832,721.5791,0.0235,6.98275232715334,158,234,205.9375
"325",9,152,27.4556590889839,0.0883,798.5416,0.0244,5.66497623857766,177,246,215.4141
"326",7,202,75.7305,0.1179,1558.2792,0.0197,6.39883073469133,172,247,214.5078
"327",3,107,20.918,0.0553,427.6792,0.0407,3.41133255268026,203,249,238.6797
"328",7,155,44.6367,0.0653,549.5833,0.0362,6.6555789746502,161,240,215.7852
"329",7,129,19.4648,0.0327,183.6667,0.08,8.9073,176,239,232.0781
"330",4,51,11.3711,0.0146,38.8083,0.1375,2.3755,223,245,241.5508
"331",3,130,23.5547,0.0556,546.8667,0.0668,6.06930595999272,189,240,230.3477
"332",9,160,53.2227,0.0671,520.775,0.0336,6.69004686296146,168,236,211.3633
"333",6,102,20.4883,0.0282,143.8125,0.0876,2.8622,209,247,239.3516
"334",4,125,36.6484,0.0769,699.0417,0.0264,3.63040651135924,206,252,236.0078
"335",14,189,95.8477,0.1037,1176.8668,0.0197,7.31646589859687,154,233,183.1172
"336",6,136,31.7109,0.0502,382.5833,0.0485,6.21550941775347,177,241,225.4805
"337",2,73,10.4336,0.0214,99.5125,0.1078,2.6145,219,249,243.0195
"338",1,82,12.5703,0.034,183.2458,0.065,3.0501,209,247,240.6484
"339",10,175,62.5039,0.0871,902.9667,0.0239,5.39165960346056,176,246,218.25
"340",11,136,60.6641,0.09,851.3667,0.0238,6.74038146801629,170,235,206.6172
"341",7,109,36.8672,0.0512,342.1959,0.0397,4.38741490593819,207,245,231.5781
"342",9,147,47.1484,0.0667,491.6958,0.0291,6.57978273829452,170,237,215.8594
"343",5,179,68.2656,0.0853,886.5667,0.0256,6.86848574017115,158,238,200.4766
"344",5,108,29.1602,0.0322,176.3417,0.0855,8.9583,176,239,218.1758
"345",3,130,18.2188,0.0297,180.3792,0.1084,8.4708,155,235,216.5117
"346",1,2,1.7109,4e-04,0.1125,0.8003,0.3517,249,255,251.5156
"347",4,58,8.7422,0.0111,48.5542,0.303,1.8039,222,247,244.0117
"348",5,173,48.1641,0.0721,630.2791,0.0291,7.04374841303233,162,236,212.6133
"349",4,127,26.6719,0.0559,403.9792,0.0361,7.19820190173995,167,234,220.6367
"350",5,63,9.3828,0.0143,38.9458,0.1532,2.3187,214,246,243.2031
"351",10,124,49.6211,0.0696,507.3792,0.0286,5.75530837973862,184,242,216.832
"352",7,95,26.582,0.0404,237.7333,0.0532,4.64322056921118,196,246,233.4375
"353",12,157,61.1992,0.0746,547.9626,0.0298,6.97779414908665,161,233,203.5313
"354",10,157,43.8516,0.0685,601.9667,0.0322,5.05294975138764,187,245,226.3281
"355",3,44,5.9297,0.0068,16.1542,0.3765,1.5384,223,251,248.2148
"356",1,2,1.8945,3e-04,0.0667,0.8756,0.2449,249,252,250.3477
"357",4,83,19.0039,0.0264,104.8375,0.0806,2.8792,205,246,236.6992
"358",2,165,34.6133,0.0815,1083.7041,0.0407,5.69118991514987,180,242,225.457
"359",2,40,8.4336,0.0237,77.6583,0.0811,2.791,217,250,246.1094
"360",8,139,37.418,0.0805,800.4835,0.0286,5.11275271261468,188,246,230.3359
"361",7,177,74.5078,0.0951,1087.2251,0.0241,7.24551007742299,152,233,194.1328
"362",5,113,32.5391,0.0529,369.7042,0.0396,4.05017996289452,196,249,232.8633
"363",3,185,45.8633,0.0916,1339.0625,0.0382,5.34781751560552,169,249,226.4961
"364",6,120,23.3164,0.0402,227.4375,0.0563,6.49099665003589,191,238,227.3477
"365",3,81,10.9219,0.0249,129.3042,0.1062,2.72,203,247,241.1406
"366",1,2,1.5781,4e-04,0.1042,0.8134,0.3341,247,249,248.0742
"367",2,30,3.543,0.0063,11.3583,0.3118,1.6225,238,252,249.3086
"369",2,205,69.0469,0.0886,1180.2876,0.0506,6.56410358348534,158,242,206.7188
"370",4,85,12.8789,0.0221,105.0958,0.1122,2.6387,212,247,241.3281
"371",55,190,113.5586,0.0589,387.3833,0.0358,9.56488975340266,47,148,132.760172811226
"372",11,183,80.6367,0.1057,1190.2375,0.0212,7.19620276129363,155,234,197.3398
"373",2,76,8.3086,0.0208,123.5,0.1797,2.356,218,250,245.7539
"374",3,76,18.0508,0.0486,336.7959,0.0436,5.04397612219707,200,242,232.3711
"375",5,78,17.043,0.0299,140.3542,0.0764,8.8842,195,238,230.6953
"376",8,178,65.5117,0.1076,1328.2583,0.0205,6.77378381205943,171,239,211.9063
"377",2,138,11.6367,0.0341,324.4042,0.1301,2.84323283956348,192,253,245.9063
"378",2,4,2.3164,9e-04,0.225,0.6513,0.5332,248,250,249.6758
"379",5,94,24.3477,0.0306,127.5875,0.0683,3.0043,205,245,234.2383
"380",7,138,60.1914,0.0622,416.1292,0.0336,5.01010273989976,202,244,221.1641
"381",9,171,87.6211,0.0924,840.9417,0.0238,7.2949005038258,153,231,187.6367
"382",3,188,20.3594,0.0336,265.1833,0.0989,3.36989922922435,189,250,240.4297
"383",4,157,61.0078,0.0869,885.1249,0.0246,6.80485231382269,155,238,200.3516
"384",8,180,97.2383,0.1108,1161.3209,0.0196,7.27567109680851,160,236,188.5898
"385",2,3,2.0195,1e-04,0.0333,0.9356,0.1461,247,250,248.6367
"386",7,170,65.0078,0.1001,1111.0167,0.0205,6.69486369634961,167,239,210.7578
"387",7,90,29.9531,0.0412,205.2292,0.0477,4.24549788665269,210,245,233.6016
"388",7,179,52.6797,0.0886,951.0167,0.0244,5.47608502247457,170,247,223.1133
"389",4,204,74.3203,0.1226,1922.7754,0.0205,7.96538368061178,161,240,203.7539
"390",4,179,46.1172,0.0888,1041.1792,0.0266,6.23774981092174,172,242,218.8398
"391",10,175,64.9063,0.0679,514.4625,0.0288,6.07236262114074,164,243,210.9141
"392",9,227,92.4805,0.1325,1890.4169,0.0166,8.69476750737905,165,237,199.5391
"393",8,111,34.8594,0.0655,478.8208,0.0336,4.61860890391265,198,247,230.8594
"394",5,131,17.207,0.0315,186.675,0.0735,2.9624,181,246,238.5352
"395",8,157,53.3984,0.1007,1161.0459,0.0214,5.50838845238444,176,246,221.7617
"396",4,56,12.582,0.0164,45.1958,0.1248,2.4542,220,249,241.4727
"397",6,149,32.5234,0.0634,508.3959,0.0325,6.54190483548635,164,240,223.9961
"398",7,162,61.1367,0.0991,1058.4084,0.0233,5.53858479812293,176,246,218.5977
"399",4,36,8.7266,0.0098,23.9333,0.2362,1.9463,222,241,237.9102
"400",2,19,3.668,0.0052,7.0917,0.3241,1.4972,242,251,249.043
"401",2,247,76.5078,0.1079,2089.8503,0.0884,6.74062219995737,166,247,214.0273
"402",5,157,29.6128900273481,0.0808,734.5125,0.0263,7.23778171655191,140,238,205.1055
"403",4,230,69.6602,0.0986,1249.1833,0.029,5.77871814227403,166,247,215.4258
"404",5,94,20.5938,0.0441,248.35,0.0483,7.06167500566885,186,236,225.125
"405",16,147,82.3711,0.0734,541.6792,0.0277,6.85863985513846,161,231,191.6836
"406",11,157,65.6172,0.0945,922.4584,0.0237,7.20431085863014,160,231,199.9414
"407",3,34,5.5977,0.0099,24.3417,0.2243,1.9724,234,252,249.0117
"408",4,127,31.7109,0.071,692.0291,0.0321,4.59863242618877,186,249,233.207
"409",2,95,10.5078,0.0229,126.6333,0.1328,2.6095,205,251,245.332
"410",9,169,62.7578,0.0983,1106.2377,0.0228,6.88780478541071,159,237,205.793
"411",13,168,77.4258,0.0474,253.6792,0.0395,7.90480072451471,55,217,146.25
"412",9,198,98.6719,0.0611,399.3751,0.0346,5.30430599577508,186,245,211.4844
"413",3,68,11.2031,0.0261,120.8208,0.0852,2.8486,212,251,245.5313
"414",2,4,2.0469,1e-04,0.0333,0.9356,0.1461,249,253,251.7422
"415",4,128,25.418,0.0651,583.0417,0.033,5.31749407302695,184,245,228.9375
"416",22,194,100.1641,0.106,1144.4333,0.02,7.31285023948981,159,227,186.8672
"417",1,161,23.9258,0.0638,770.4333,0.0694,3.97330971425407,193,249,237.6523
"418",5,141,25.3945,0.0569,522.9875,0.0443,4.13154671578786,188,249,237.2734
"419",2,59,4.418,0.0063,22.4333,0.395,1.3598,212,243,240.7344
"420",5,197,75.7148,0.093,921.6041,0.0224,5.06829628801939,187,249,215.5391
"421",8,112,34.6016,0.0451,255.5917,0.0454,6.1634120117726,187,239,224.0938
"422",3,83,16.0156,0.036,186.2708,0.0589,9.4386,202,246,232.2617
"423",1,4,1.1367,8e-04,0.2875,0.7059,0.5281,250,253,251.75
"424",7,181,64.7969,0.1313,1734.2708,0.0166,6.3165375354145,186,247,218.4766
"425",2,144,25.9063,0.0781,912.625,0.0351,3.7506952961295,189,251,238.3047
"426",8,124,43.4063,0.0398,230.2292,0.0509,7.63820897887615,59,227,172.6563
"427",3,63,9.2891,0.0241,123.2708,0.114,2.6864,214,245,241.682874283364
"428",3,204,61.6836,0.1507,2519.9666,0.0169,7.43992516577418,174,249,220.8438
"429",2,5,2.9805,6e-04,0.1875,0.7588,0.4512,247,250,249.4883
"430",5,236,62.5977,0.0918,1275.3168,0.0333,5.67934220155341,165,250,221.168
"431",2,121,12.918,0.0304,290.7792,0.2396,2.56406066683634,204,252,244.8555
"432",11,199,111.0195,0.0938,972.0583,0.0239,7.20908435281984,152,234,178.4883
"433",2,161,58.5898,0.0895,1040.7209,0.0273,4.4824196541206,193,250,224.4844
"434",6,252,78.7188,0.1208,1733.3667,0.0199,7.09734318530174,166,242,207.7383
"435",5,99,22.5938,0.0506,335.6084,0.0414,3.75834579545926,204,250,238.1719
"436",9,184,71.3477,0.0987,1027.7041,0.0229,5.98086859463982,166,246,210.6055
"437",6,157,53.3086,0.1049,1196.0625,0.0231,5.55039910995715,178,247,220.5
"438",2,63,9.2188,0.0201,63.975,0.1041,2.6295,210,250,244.7539
"439",3,68,13.457,0.0243,89.3167,0.0888,2.8013,220,249,243.957
"440",5,108,41.4375,0.0476,309.8459,0.0496,6.76341341424308,159,239,208.8672
"441",4,166,53.5469,0.0812,872.3251,0.0284,6.772132480994,156,239,208.1836
"442",4,28,5.0781,0.0028,2.8625,0.441,1.0934,235,247,245.2266
"443",4,83,26.4609,0.0546,333.4792,0.0344,5.48849912293027,204,241,228.9258
"444",6,159,49.7188,0.0514,326.4083,0.0417,6.32307177304527,176,239,216.3359
"445",3,15,3.8203,0.0032,2.8917,0.4264,1.2133,243,249,247.9766
"446",7,229,87.8516,0.1242,1691.567,0.0178,8.38871726101162,148,237,194.9102
"447",4,182,58.0781,0.1229,1744.071,0.0202,6.33568764221793,170,248,218.2344
"448",2,185,18.1641,0.0378,654.4459,0.2575,3.51628943635434,173,249,239.7891
"449",4,28,5.8438,0.0053,7.1333,0.3057,1.5227,234,247,245.4063
"450",5,203,73.3633,0.1002,1120.4918,0.0215,7.30891006891195,121,237,196.4141
"451",7,95,27.6641,0.0488,284.2875,0.0396,4.41126271528458,200,247,234.7773
"452",6,188,50.5273,0.0887,921.2458,0.0251,5.34219654598795,172,248,225.207
"453",11,164,76.7344,0.0906,850.8666,0.0228,7.12051088418608,156,232,195.4453
"454",1,111,7.7891,0.0233,161.8334,0.1637,2.4469,204,252,244.8633
"455",7,141,52.1211,0.0878,828.8542,0.0235,5.30718939518159,186,247,220.4844
"456",2,66,5.6602,0.0128,75.4375,0.4249,1.5809,220,253,249.875
"457",4,168,47.4375,0.0855,948.3625,0.031,6.94170349842872,152,237,206.0938
"458",4,190,67.8711,0.1073,1423.5292,0.0216,6.94086318213341,159,240,204.5938
"459",1,17,1.8164,0.0042,5.1292,0.3547,1.3558,245,253,251.9141
"460",3,192,48.5273,0.0766,834.225,0.0361,6.39510117394818,158,242,216.1484
"461",6,152,44.8945,0.0851,840.9542,0.0251,4.93044313428217,179,249,226.1523
"462",3,136,28.1406,0.0522,471.0833,0.0609,5.42925593877968,175,245,228.75
"463",5,141,18.6367,0.034,213.5583,0.0718,4.35250016166974,193,245,237.6133
"464",11,205,101.9063,0.1196,1517.5291,0.0189,8.35432939313477,119,233,174.2461
"465",10,118,42.5859,0.0582,403.9167,0.0355,7.14082623373215,174,233,214.8086
"466",10,184,84.5586,0.0981,1073.5375,0.0215,7.06089532189285,151,237,193.4531
"467",5,157,45.293,0.0906,1006.1542,0.025,6.59514839062177,161,240,216.2422
"468",2,50,6.9648,0.0172,67.9,0.1564,2.3962,225,252,249.4023
"469",3,15,5.125,0.0044,3.9208,0.3175,1.439,239,246,244.0391
"470",7,176,81.75,0.0976,1012.6793,0.0217,6.97664529151217,153,238,193.0781
"471",5,136,35.6406,0.0751,732.0626,0.0307,4.15505593918357,186,252,233.4336
"472",7,97,32.2031,0.0395,199.3667,0.0515,9.6804,191,245,228.8828
"473",6,144,28.3555,0.0547,439.6042,0.0428,4.36829348727514,191,247,235.8594
"474",1,65,7.1328,0.0211,99.3042,0.1341,2.5457,219,249,244.8516
"475",5,10,5.5469,0.0012,0.4375,0.6089,0.7044,241,247,244.9453
"476",9,178,73.6563,0.1188,1567.1584,0.0197,6.4599020839179,169,247,211.3828
"477",1,41,3.4375,0.01,23.2875,0.2269,1.9568,231,249,246.25
"478",4,78,12.1563,0.0215,107.8208,0.1449,7.6149,193,235,229.9531
"479",10,154,50.7695,0.0708,581.3626,0.0297,5.7566342376495,176,243,219.3281
"480",8,166,69.9609,0.0659,542.725,0.0317,7.12961114801883,150,233,190.8125
"481",2,45,4.7656,0.0093,31.4625,0.3097,1.7613,231,253,248.9219
"482",6,206,91.625,0.1186,1434.1835,0.0182,7.52232688789126,158,240,193.4961
"484",5,162,49.125,0.0696,728.8458,0.0389,5.59140982823869,169,247,218.1094
"485",3,139,28.9805,0.0644,591.0958,0.0428,5.25625929868602,186,245,229.5313
"486",5,232,109.8516,0.0878,924.4875,0.0315,6.76474245667076,155,240,189.0508
"487",3,56,9.207,0.0124,41.8375,0.2425,2.0399,213,242,237.1836
"488",3,167,59.2109,0.0877,933.6583,0.0309,4.70252457131227,186,250,221.5469
"489",15,159,75.3828,0.1005,1087.3751,0.0213,7.10881580293118,157,232,198.543
"490",9,182,64.7305,0.1194,1549.0294,0.0185,6.76975635892522,175,240,214.168
"491",2,197,25.707,0.0631,945.3751,0.1406,5.3638747558238,168,243,228.6445
"492",4,148,27.8398,0.0778,748.8,0.0278,3.95150945993815,189,251,237.668
"493",1,5,1.9805,4e-04,0.1333,0.8192,0.3424,247,251,249.2461
"494",3,59,10.6445,0.0258,121.5417,0.0994,2.7606,219,254,247.3516
"495",5,208,118.9336,0.0953,1033.9834,0.0233,7.29731010969384,148,235,174.0664
"496",6,89,20.875,0.0312,151.1625,0.0756,3.0173,206,247,236.9727
"497",5,169,45.2383,0.075,799.4958,0.0332,7.2146074102405,155,236,211.6172
"498",5,201,47.6406,0.099,1189.8625,0.0228,6.01612857366987,172,243,218.9922
"499",13,189,104.625,0.0963,929.8791,0.0231,7.37709858831507,151,227,177.1563
"500",19,157,72.3438,0.0539,328.5458,0.0359,7.35640783972316,132,224,179.5234
"501",6,189,65.3516,0.0848,797.3792,0.0241,7.05629076961835,150,236,199.9023
"502",3,32,4.8594,0.0054,14.3875,0.5361,1.1768,230,250,247.4414
"503",3,163,47.2617,0.0874,982.1416,0.0266,4.32354767127937,194,249,228.8828
"504",6,125,30.8516,0.0521,345.225,0.0393,6.67293880289966,172,237,222.2344
"505",3,17,4.5508,0.0051,5.6458,0.2982,1.5039,242,249,246.6406
"506",12,151,73.7461,0.0887,793.2791,0.0236,5.79133123371961,180,242,210.1367
"507",4,84,23.168,0.0258,104.2625,0.081,2.8656,207,245,236.8086
"508",8,164,58.5664,0.0767,658.2084,0.0265,5.72914856633026,172,245,216.2109
"509",3,197,39.0938,0.0654,738.8542,0.0494,6.22642652746945,158,242,220.8906
"510",7,133,44.793,0.0695,598.8168,0.0339,5.66401149535632,182,243,222.5078
"511",7,140,45.8047,0.0689,522.4583,0.0291,6.94860042965697,107,241,202.4219
"512",7,150,45.6445,0.0769,662.1374,0.0272,5.13971433062998,183,247,225.0195
"513",2,155,19.4258,0.0509,433.0292,0.0464,4.38796235484108,192,246,235.8711
"515",3,13,3.9492,0.0037,3.5917,0.3843,1.309,245,250,248.3008
"516",8,192,74.6133,0.0869,783.6541,0.0236,6.95094028711921,157,236,198.8164
"517",1,212,59.1484,0.0648,770.4875,0.1168,4.06257153663588,187,252,227.3711
"518",5,125,31.7891,0.0647,506.9751,0.031,6.77603483853193,166,239,219.3828
"519",7,185,77.6406,0.0818,730.0624,0.0239,6.96776512209736,156,236,194.5938
"520",1,166,32.3789,0.0514,575.8542,0.2158,3.07546908287969,193,251,236.4258
"521",8,135,35.7891,0.0435,248.7542,0.0477,6.67413403646077,166,238,220.3789
"522",4,86,12.2773,0.0242,128.2708,0.1232,2.6343,206,249,243.2852
"523",8,166,82.6172,0.07,584.5459,0.0308,6.64535754904559,157,238,192.1016
"524",10,193,62.1367,0.0918,901.1542,0.0226,5.77445378652093,174,243,216.3828
"525",3,153,19.6758,0.0403,316.5042,0.0769,3.43612682720174,180,251,240.8477
"526",4,181,51.957,0.1034,1252.1793,0.0219,6.94631707319101,155,239,211.4727
"527",12,145,72.1367,0.0779,602.9042,0.0278,5.29985676161541,197,244,218.8867
"528",7,193,88.8398,0.0884,810.1126,0.0223,7.07413810735938,150,236,186.0195
"529",41,197,77.5402628151701,0.0586,383.4459,0.0343,6.71409885041357,153,217,161.1641
"530",10,182,106.7813,0.1244,1534.4332,0.019,8.41292875629919,151,233,176.25
"531",4,99,23.6602,0.0414,313.9875,0.0876,3.75725127739886,193,249,236.5078
"532",12,153,61.3789,0.087,804.0458,0.0246,5.51572352841834,182,244,218.8906
"533",10,206,28.0235394410157,0.0612,458.5917,0.0329,5.98143555762266,191,243,201.1875
"534",8,71,17.9258,0.0193,56.8375,0.1029,2.6035,225,245,239.6133
"535",1,3,1.9922,1e-04,0.0292,0.9434,0.1318,250,252,251.5664
"536",7,179,50.6641,0.0767,687.8125,0.026,6.49942386415858,160,241,213.8125
"537",7,121,34.1797,0.0414,296.4417,0.1252,6.95040874290476,169,236,219.8555
"538",6,160,33.9609,0.0662,720.7917,0.0448,5.07224175173482,177,247,231.5508
"539",6,160,47.332,0.0836,777.975,0.0247,6.31269773889176,176,240,218.8516
"540",10,157,71.6641,0.0954,959.3207,0.0227,6.86742727694466,155,237,199.5195
"541",4,174,38.7656,0.0688,674.7125,0.0364,5.2892715459776,169,247,227.1992
"542",2,119,12.4102,0.0241,223.5625,0.3338,2.23251573210412,200,252,244.8984
"543",22,198,129.5039,0.0876,801.9874,0.0233,7.4926181935736,151,225,166.3086
"544",7,52,20.4023,0.0317,116.7208,0.0561,9.2223,210,236,227.7109
"545",7,166,72.0156,0.1129,1359.3418,0.0212,7.22550850864983,159,237,196.4023
"546",6,113,29.5977,0.0527,354.95,0.0377,6.05653877391532,189,240,228.0508
"547",2,87,17.0938,0.0486,355.2625,0.0544,3.61621544247302,207,247,238.25
"548",4,54,13.3516,0.0245,83.7625,0.0799,2.7868,227,249,243.2344
"550",3,98,12.8633,0.033,231.3375,0.1003,3.87762973018412,191,247,234.8867
"551",2,3,2.0156,1e-04,0.0167,0.9672,0.0848,246,248,246.8789
"552",4,182,64.0859,0.0945,919.7751,0.0215,6.94284692637263,151,238,200.8906
"554",8,147,54.0781,0.0931,994.0626,0.0233,6.29598508938843,183,237,216.8086
"555",3,88,11.7695,0.0316,214.7125,0.0873,4.48163390836076,196,244,238.4961
"556",3,104,21.1367,0.0529,365.7626,0.0392,3.29403969819097,201,252,241.2969
"557",7,135,46.2461,0.0674,506.3292,0.031,6.11076334424116,172,242,216.9023
"558",4,129,23.2031,0.0565,539.1459,0.0453,3.42979051206244,193,253,241.6289
"559",3,88,14.2539,0.0292,141.65,0.0786,2.9199,210,250,242.3477
"560",2,4,2.8477,6e-04,0.15,0.745,0.4227,245,247,246.3633
"561",6,125,40.3828,0.0722,564.6875,0.0283,7.0071276150254,172,235,214.4922
"562",3,88,15.9805,0.0278,165.3875,0.1412,2.6531,200,250,240.9492
"563",6,97,21.6563,0.0361,214.9833,0.0709,4.92748759374031,189,245,232.6836
"564",12,164,71.207,0.0667,490.4792,0.031,7.38013516446502,153,228,190.582
"565",1,2,1.8516,5e-04,0.1167,0.7939,0.3602,250,254,252.0859
"566",2,41,3.7148,0.0064,21.5042,0.3711,1.4533,233,253,251.1914
"567",4,81,17.0859,0.035,185.1125,0.0627,9.3141,202,242,233.5898
"568",6,150,44.6367,0.0844,811.0958,0.0267,7.01016755903752,161,235,212.1094
"569",2,97,19.8477,0.0511,412.2917,0.0542,5.5416006748098,197,241,232.0234
"570",8,194,89.3789,0.0912,869.4418,0.0243,6.89455606195085,161,237,194.5469
"571",2,3,2.1992,3e-04,0.075,0.8613,0.2664,248,252,249.8047
"572",2,3,2.1328,4e-04,0.1042,0.8134,0.3341,245,249,246.8008
"573",5,172,53.5664,0.0916,936.2833,0.0231,5.35404306890706,170,249,221.7188
"574",9,93,27.9414,0.0437,219.425,0.0438,4.7918908250397,202,243,231.6133
"575",6,99,13.6211,0.0165,27.659,0.1678,2.3173,205,246.64152437572,241.1406
"576",4,148,32.0625,0.0608,546.9709,0.0388,7.21253973203893,155,237,218.5234
"577",5,137,15.1875,0.0257,188.0417,0.1494,2.5417,193,249,243.1992
"578",7,166,75.5547,0.0868,881.9709,0.0257,6.91170648244414,154,237,197.1445
"579",5,62,9.3828,0.007,15.2208,0.2636,1.6887,219,245,241.9219
"580",9,232,62.6328,0.1021,1285.1292,0.0237,5.91303773391838,170,246,218.3047
"581",4,178,40.0313,0.0928,1149.9417,0.0261,5.06505200391025,170,249,231.2031
"582",3,161,20.4297,0.042,391.7667,0.0797,5.65109065519809,167,242,230.7305
"583",6,93,19.1953,0.0284,120.5333,0.0734,2.9216,214,246,239.3789
"584",5,187,41.5664,0.0793,893.1374,0.0316,4.83609813071208,178,250,226.4102
"585",3,47,6.9766,0.0114,24.9583,0.161,2.1511,230,252,247.6758
"586",5,183,43.707,0.1041,1372.9958,0.0212,5.50898524395143,176,247,226.1953
"587",3,66,14.5156,0.0231,71.3042,0.0846,2.7558,220,251,242.9453
"588",3,172,29.5508,0.0732,800.7667,0.035,5.33673338153805,176,245,230.8164
"589",7,70,15.1484,0.0201,62.2292,0.0996,2.624,216,247,241.332
"590",4,5,3.33533675831939,8e-04,0.2042,0.675,0.5061,245,247,245.9844
"591",1,61,7.2578,0.0205,63.2875,0.0926,2.6909,217,249,244.8359
"592",7,197,61.2773,0.1014,1230.9792,0.0223,6.4335813774888,170,241,211.6953
"593",12,172,84.2109,0.073,547.5917,0.0275,6.49140165397271,159,238,199.3672
"594",5,105,20.9688,0.0398,229.7875,0.0575,4.91181855673446,191,244,234.332
"595",4,191,81.0234,0.0869,787.4542,0.0257,7.00797467751086,150,237,190.6914
"596",9,142,47.6602,0.0695,562.2833,0.0284,6.34516306085123,174,240,217.6953
"597",3,135,27.7188,0.0744,702.6166,0.0311,3.96795740430618,188,250,235.6602
"598",10,148,61.8398,0.0872,884.9084,0.0236,5.62032118619157,181,243,215.7539
"599",1,130,7.8867,0.0174,174.6208,0.372,1.6972,201,251,246.7969
"600",5,179,44.8711,0.0549,455.2959,0.0444,6.7100165555418,155,240,213.4922
"601",8,177,65.3008,0.0547,321.9291,0.035,5.50958146513261,186,243,219.4648
"602",4,178,55.2109,0.1271,1803.3083,0.0187,5.97979206376646,178,250,222.4883
"603",9,206,87.8633,0.0928,975.2958,0.0222,7.19242984715651,153,233,190.0977
"604",4,195,79.8555,0.103,1316.2625,0.0217,7.07470976467421,155,239,196.1289
"605",1,2,1.3086,6e-04,0.1583,0.7335,0.4369,249,254,250.625
"606",5,78,24.6289,0.0399,186.6375,0.0474,3.2339,218,247,237.3555
"607",3,179,44.9141,0.0531,440.6458,0.0516,4.60923674372581,195,247,229.6211
"608",3,146,23.4688,0.0623,691.8958,0.0503,5.55103478141697,186,242,230.207
"609",3,170,44.2773,0.0409,251.0459,0.0736,4.54089399605592,196,246,229.4219
"610",10,141,54.4648,0.057,375.0458,0.0343,6.082159999974,175,242,215.2383
"611",52,193,129.1523,0.0484,252,0.0403,3.52715811840765,178,221,189.1016
"612",5,148,42.9922,0.035421940839919,725.2166,0.026,5.54953266325332,180,244,223.3594
"613",3,167,39.5078,0.0673,714.5875,0.0541,3.80963585588073,182,254,234.25
"614",6,114,20.1016,0.026,147.8542,0.1073,8.2137,188,240,232.6719
"615",11,201,83.6602,0.1004,1033.2999,0.0218,6.98944390326591,155,236,193.1172
"616",2,4,2.8242,6e-04,0.1458,0.7509,0.4154,246,248,246.7031
"617",2,34,6.5898,0.0175,53.8542,0.1193,2.5122,234,252,247.6563
"618",4,24,5.7656,0.0034,4.725,0.474,1.1576,236,246,244.8125
"619",6,64,15.7305,0.0249,89.2917,0.0808,8.4555,213,237,231.6563
"620",8,144,57.7969,0.0894,849.5167,0.0241,5.50477349483659,182,245,216.5
"621",6,141,51.9727,0.0799,709.2292,0.0259,6.77520210960036,162,237,208.5352
"622",7,181,70.9805,0.1202,1538.3751,0.0181,6.20698046519724,175,248,212.7656
"623",1,34,2.3945,0.007,20.3,0.3165,1.5482,237,253,251.3164
"624",4,29,6.5938,0.0051,9.9917,0.3926,1.3711,233,246,243.8633
"625",6,84,18.5781,0.0274,103.9542,0.0724,2.8824,220,244,238.8438
"626",2,120,16.4102,0.0423,397.775,0.0975,3.10138325944044,192,252,243.8945
"627",9,106,34.4063,0.057,356.3791,0.0333,6.89382400343516,182,235,219.6797
"628",10,200,98.3945,0.1145,1335.8457,0.0177,7.69651780787821,154,236,184.3867
"629",4,7,4.918,5e-04,0.1458,0.7678,0.4112,244,246,245.2617
"630",7,157,82.5742,0.0933,894.1209,0.0224,6.90345407011906,158,236,190.6445
"631",9,144,43.7813,0.0524,311.1583,0.0369,6.72453180959696,168,236,216.6719
"632",5,45,8.1367,0.0058,10.7958,0.3127,1.5505,229,247,245.1133
"633",4,89,9.9727,0.0184,100.0833,0.1507,7.1784,193,240,236.6875
"634",3,94,11.5547,0.031,236.9792,0.1423,2.70901779934735,205,251,245.1797
"635",6,156,61.2852,0.0787,674.7625,0.0263,5.29606779728313,193,245,223.625
"636",7,117,23.6133,0.0404,268.2166,0.0581,5.16957057504156,192,244.362391813787,236.4453
"637",4,216,85.5938,0.0858,1002.7,0.0335,6.28701031272571,155,245,197.918
"638",4,142,34.5664,0.082,869.6458,0.0267,5.33214459361722,178,246,228.6133
"639",5,194,60.3906,0.0647,714.4125,0.0563,7.16833431237205,110,238,193.1016
"640",4,123,14.3477,0.0291,192.7125,0.1109,2.7761,187,250,243.6172
"641",3,124,28.5781,0.0359,234.35,0.1251,6.71955417788815,159,240,220.0352
"642",2,7,2.4609,6e-04,0.225,0.7596,0.4502,245,247,246.8438
"643",3,13,3.7813,0.0023,1.8333,0.5108,0.9984,243,247,245.8281
"644",9,156,52.4375,0.0576,396.8709,0.0358,5.96879552601425,172,243,217.9063
"645",7,142,52.8789,0.0869,792.8376,0.0244,5.41252739184175,173,247,220.8047
"646",2,127,10.5781,0.026,173.0667,0.105,2.6932,205,253,247.3906
"647",9,182,75.8359,0.1063,1156.5585,0.0199,7.07032880967331,155,237,199.1133
"648",24,191,106.293,0.0944,926.1833,0.0221,6.96583710108439,159,232,189.082
"649",33,198,110.8477,0.099,1001.7667,0.021,7.39140722095105,155,221,177.875
"650",2,134,28.7266,0.0757,776.3022,0.0404,3.6631,195,253,238.8633
"651",3,24,5.9023,0.0068,9.375,0.2464,1.7382,238,249,246.1602
"652",4,57,13.2617,0.024,79.7208,0.0832,2.7598,222,249,242.9688
"653",3,185,65.4102,0.0886,923.5084,0.0247,6.73853976908132,159,240,204.1914
"654",9,208,107.1836,0.1311,1811.196,0.0181,9.03920619560338,105,235,172.7617
"655",6,89,23.457,0.0339,158.6292,0.0592,3.0793,214,245,236.8359
"656",3,118,15.9219,0.0286,178.0208,0.154,2.653,193,251,242.7695
"657",3,195,53.4414,0.1314,2067.6294,0.0191,6.51087866005814,168,250,223.6133
"658",7,98,33.8477,0.0421,224.7208,0.0482,5.45758373446995,184,245,227.5234
"659",3,242,74.9219,0.1351,2161.2749,0.0174,7.16655390823951,170,246,210.6328
"660",9,157,38.3633,0.0559,497.275,0.0497,7.12083282709639,154,234,216.7461
"661",2,196,32.7188,0.088,1245.0417,0.0296,4.60712582083981,176,250,234.0039
"662",7,91,27.5977,0.0548,359.2833,0.0368,4.00062430462336,204,249,235.582
"663",4,12,5.1133,8e-04,0.4833,0.749,0.5211,241,247,245.3477
"664",25,212,124.1836,0.123,1529.4249,0.0177,8.00991624709922,157,226,177.9297
"665",7,179,81.9336,0.0796,701.3708,0.025,6.87745413460031,153,238,194.7969
"666",3,40,8.1445,0.0108,25.8667,0.1886,2.0955,229,249,243.8945
"667",3,9,3.1289,7e-04,0.4458,0.8217,0.4218,244,249,247.3516
"668",3,109,30.3906,0.0754,675.1917,0.0274,3.62410398443481,201,253,238.418
"669",2,3,2.0313,2e-04,0.0417,0.9201,0.1732,245,249,246.6016
"670",12,107,40.8164,0.0496,277.525,0.04,4.55472811759311,208,243,229.9961
"671",9,152,51.8789,0.065,476.425,0.0308,5.95492554325666,169,243,215.7852
"672",2,155,42.7656,0.0458,295.9833,0.0598,4.06022936782987,193,248,228.0547
"673",12,174,70.9336,0.0953,957.6626,0.0219,7.04787663634476,159,234,203.3008
"674",1,13,2.1797,0.0044,4.4167,0.3331,1.4236,245,252,249.6445
"675",5,137,35.2383,0.0776,762.9083,0.0283,5.73455004017684,184,242,224.8477
"676",5,16,5.7305,0.0017,0.8167,0.5326,0.8504,240,246,245.1914
"677",4,229,84.9727,0.1747,2028.2562,0.0145,13.1124,159,239,200.0469
"678",2,177,29.6094,0.0842,1082.775,0.0335,3.72017092567028,194,253,239.1641
"679",8,131,39.1484,0.0658,519.0876,0.0315,6.46878846748073,170,239,218.0234
"680",1,113,14.8945,0.0446,318.2917,0.0531,2.77367787422376,208,253,245.3594
"681",4,104,18.8594,0.0454,308.8042,0.0538,3.31445067815923,203,250,240.9063
"682",4,51,10.1445,0.0142,32.45,0.1272,2.3673,228,247,242.9609
"683",5,179,59.4805,0.0965,1060.9875,0.0225,6.73462818336801,164,239,210.7344
"684",13,204,77.5039,0.072,563.7542,0.0282,6.98216811867454,154,231,193.2383
"685",8,175,71.9766,0.1119,1335.6748,0.02,6.4606091744173,172,243,209.1016
"686",10,154,48.8984,0.0806,737.7208,0.0687396734500135,5.07012880297759,180,246,226.2266
"687",8,81,19.1328,0.027,126.6667,0.0884,8.5518,204,244,234.1641
"688",2,4,2.1289,4e-04,0.1042,0.8134,0.3341,249,253,251.3711
"689",5,80,14.2539,0.0187,55.6042,0.1004,2.5926,223,245,240.5117
"690",6,95,15.668,0.0289,165.0375,0.1069,2.8121,207,245,239.5234
"691",6,174,34.1484,0.0523,462.7125,0.0486,4.86030597665168,172,247,230.8672
"692",2,132,29.4336,0.0739,749.8042,0.0355,3.48803221371187,201,254,239.6914
"693",1,174,11.0586,0.0283,369.9334,0.355,2.49768150523668,189,249,242.8008
"694",8,100,31.5313,0.0461,237.7875,0.0418,6.78530444592099,182,238,223.4258
"695",7,95,17.0156,0.0228,84.4333,0.1009,8.1168,193.79321042208,239,232.7109
"696",6,103,31.9336,0.0571,401.5834,0.0377,6.25225341083854,187,240,226.6953
"697",4,152,42.0977,0.0762,686.5792,0.0285,6.19039633160777,161,244,215.4492
"698",7,72,15.8477,0.019,73.6167,0.129,2.5177,210,245,239.6445
"699",2,94,22.1484,0.0447,262.8,0.0462,3.06589702327331,209,252,240.9336
"700",2,66,7.668,0.0171,88.7792,0.207,2.2351,208,242,238.1133
"701",7,233,91.1367,0.1523,2450.5249,0.0147,8.32208141518485,166,247,206.3242
"702",5,144,42.0391,0.0418,250.875,0.0543,7.67781394172036,94,225,179.1484
"703",5,203,44.6094,0.0976,1097.5084,0.0219,6.44649989579569,167,240,220.2891
"704",10,135,42.6641,0.0486,284.1959,0.0415,5.75603521638919,174,243,222.9961
"705",3,21,3.668,0.0024,3.3375,0.5451,0.942,239,249,247.3594
"706",4,141,46.6445,0.0921,944.8917,0.0226,6.14014261405495,167,243,217.5547
"707",8,160,55.7695,0.0852,873.3625,0.0273,5.40203600825881,178,245,218.6875
"708",46.4630640792049,217,84.8126089115048,0.0369,148.7292,0.0494,3.1681,187,203,192.6133
"709",1,68,4.4766,0.0097,44.15,0.2618,1.7856,217,250,247.6133
"711",9,124,36.8984,0.0561,382.4542,0.0356,5.30209229190731,183,245,226.957
"712",10,176,79.8203,0.1277,1600.1918,0.0166,7.15910156752566,174,241,209.3477
"713",7,118,28.6367,0.042,254.1792,0.0548,5.26390831859135,185,245,230.6875
"714",2,15,3.8164,0.0038,4.5333,0.4406,1.2634,243,250,248.5547
"715",5,37,10.6016,0.0085,14.3458,0.2099,1.9197,232,247,243.7461
"716",3,81,20.8672,0.0389,211.7792,0.0556,3.87293348247236,197,247,236.0234
"717",3,162,24.4688,0.0511,379.8292,0.0421,3.94792566752562,180,250,236.293
"718",5,101,36.3828,0.044,231.9708,0.0478,4.45922560524646,200,245,228.2031
"719",16,172,76.2656,0.112,1245.8335,0.0191,6.38643916224245,174,241,209.5664
"720",1,2,1.1719,6e-04,0.1417,0.7568,0.408,249,252,250.4336
"721",1,40,3.8828,0.0106,26.125,0.1943,2.0533,232,252,249.1836
"722",5,126,44.2617,0.0647,460.3918,0.0296,4.44029138768541,202,246,229.5898
"723",1,166,31.7773,0.0781,1016.4209,0.0425,3.66638825232132,196,253,238.5742
"724",5,47,10.6641,0.019,57.1458,0.1023,2.5996,231,247,244.7695
"725",7,233,80.8594,0.1489,2307.7793,0.0154,7.94325717211568,167,246,208.1602
"726",5,97,32.4063,0.0643,508.7542,0.0308,5.39378134255129,191,244,224.8867
"727",5,182,45.6875,0.0903,945.5792,0.0245,5.27221401160697,169,249,225.5938
"728",2,58,7.125,0.0125,51.2333,0.2732,1.9272,222,253,248.6328
"729",4,128,28.625,0.0523,342.7875,0.0392,3.76930462492879,194,250,235.543
"730",3,61,7.625,0.0086,33.9667,0.32,1.6409,221,247,244.2461
"731",12,183,99.9375,0.0839,737.5167,0.0235,7.31291845841015,152,228,178.8555
"732",5,110,17.9219,0.0271,135.6833,0.0961,2.834,191,239,232.3164
"733",3,105,17.6289,0.026,185.9583,0.1811,2.4602,207,247,240.5117
"735",3,189,27.6484,0.0788,1086.5667,0.0381,4.31159257221823,176,251,237.4922
"736",2,83,6.9492,0.0227,162.1125,0.2214,2.3081,214,252,246.5508
"737",3,166,24.5859,0.0763,943.3667,0.0428,5.6288609736629,174,243,231.0938
"738",6,169,61.4141,0.0703,636.0584,0.0303,6.67732662016417,155,239,204.5977
"739",7,95,32.1641,0.0488,283.75,0.0391,4.72063869719189,195,245,229.7852
"740",5,137,34.8633,0.0884,1017.95,0.0266,4.39773197955423,195,250,233.457
"741",7,176,69.7461,0.0907,964.5916,0.0238,7.17317333759791,155,233,197.6406
"742",2,5,2.3477,0.001,0.2625,0.623,0.5835,248,251,249.8086
"743",3,238,34.0313,0.0519,627.95,0.0911,4.49563400735109,164,251,235.7773
"744",9,160,57.8633,0.0958,1021.3251,0.022,6.42644360355393,175,237,214.5625
"745",2,57,11.1875,0.0226,78.3167,0.0913,2.723,219,249,242.6563
"746",7,177,47.2227,0.0946,958.2416,0.0225,5.638630796689,165,247,225.5039
"747",7,149,47.4961,0.0872,819.0165,0.0251,6.07639192682647,177,243,219.8945
"748",5,181,27.1992,0.0422,274.2542,0.0514,5.41451648455329,166,243,229.8906
"749",10,130,42.8125,0.0586,402.3584,0.0339,6.56649057011325,174,237,217.7031
"750",2,88,12.2461,0.0387,223.15,0.0549,3.04482346283647,210,249,242.2148
"751",5,174,81.8438,0.061,410.7584,0.0314,6.93721347480148,153,236,188.5625
"752",4,212,33.7031,0.0681,742.6375,0.0412,4.63546288865711,174,250,233.668
"753",9,178,103.9961,0.1142,1293.8959,0.0186,7.83940827153659,151,232,176.5898
"754",9,174,94.5391,0.0977,930.6917,0.0226,7.29893459875625,124,236,178.8594
"755",2,4,2.2891,5e-04,0.1208,0.7875,0.3686,249,251,249.7266
"756",3,54.1107098253112,9.875,0.0188,57.025,0.11,2.5721,231,252,247.3438
"757",9,142,46.2734,0.0735,646.0417,0.0288,6.35566310538096,166,242,218.0313
"758",2,155,46.6445,0.0426,238.0792,0.0498,4.42530984360742,191,247,225.1328
"759",9,190,66.1133,0.0845,742.0458,0.0253,5.7091388809688,164,246,212.1055
"760",3,166,37.1094,0.0631,666.2458,0.0618,4.0715987554752,182,251,232.4297
"761",3,123,29.7031,0.0579,436.0583,0.0385,3.28773392822443,204,253,239.3438
"762",5,198,45.3047,0.091,1190.975,0.0364,6.12359380926661,164,243,222.8984
"763",12,172,66.0625,0.0483861424724292,1007.3666,0.022,7.00436853192415,157,236,202.6523
"764",2,91,15.9141,0.0321,168.45,0.0753,3.0113,211,252,244.2305
"765",3,145,50.4805,0.0826,759.025,0.0261,4.66857671982085,196,248,226.0352
"766",7,153,48.3359,0.0769,732.0042,0.0291,6.74263057541671,161,237,211.332
"767",3,108,21.1289,0.0368,212.8416,0.0615,6.02582338590095,177,242,230.3398
"768",3,42,7.1406,0.011,29.275,0.2162,2.029,222,247,242.2109
"769",5,187,78.8047,0.0923,883.4042,0.0224,7.05140394481078,151,236,193.2969
"770",2,93,15.6523,0.0453,326.0833,0.0637,3.28582133182171,205,249,241.0391
"771",4,100,9.3594,0.0103,53.8208,0.3166,1.97662607748706,207,246,243.082
"772",3,79,20.7734,0.0305,138.15,0.0767,2.9741,196,241,229.9492
"773",3,187,86.0547,0.0756,624.3583,0.0265,6.8834370275087,150,239,189.0586
"774",7,199,60.8281,0.1095,1329.2,0.021,6.62654917380855,157,242.760595009938,205.2422
"775",4,167,44.7031,0.1062,1240.8461,0.02,4.36108671651165,190,251,230.3828
"776",4,162,45.5078,0.0765,767.7626,0.031,7.04026577552467,151,238,208.9531
"777",10,169,73.5078,0.09,813.9791,0.0235,6.91705252930055,155,236,197.6133
"778",5,69,14.3242,0.0243,86.575,0.0843,2.7799,222,245,240.4688
"779",1,206,38.5781,0.0842,1132.8208,0.057,4.31934899308562,186,251,234.3164
"780",3,135,25.7148,0.0501,468.2125,0.0549,6.0605621761024,190,240,228.4063
"781",3,24,4.9219,0.0069,9.0375,0.2324,1.7678,240,253,249.7539
"782",3,155,50.4961,0.0648,492.1625,0.0314,6.51968493738544,162,242,211.5273
"783",4,164,19.543,0.0506,421.3917,0.0517,4.09036527330879,183,249,239.1758
"784",7,84,18.8906,0.0326,173.2833,0.0695,9.1257,195,236,227.168
"785",7,174,45.5234,0.0802,732.45,0.0264,6.95267070083215,159,236,215.5273
"786",5,205,31.582,0.0675,874.6625,0.0537,6.15956988237482,161,242,222.8672
"787",1,55,4.7695,0.013,57.8125,0.2598,1.9573,220,249,246.5273
"788",2,3,2.2852,8e-04,0.2042,0.675,0.5061,247,250,249.0039
"789",9,163,68.0664,0.0718,609.1292,0.0288,6.74224761333985,155,236,202.3242
"790",9,165,63.1211,0.1005,1057.4541,0.0217,5.89426011656551,177,244,214.7266
"791",5,124,28.0156,0.0496,322.7208,0.0414,5.86381636619532,188,241,227.793
"792",3,74,13.1641,0.031,155.9125,0.0693,3.0032,220,252,245.3164
"794",7,173,57.7227,0.0826,740.6124,0.0241,5.80560185101622,165,246,212.5938
"795",7,189,103.625,0.0889,813.8126,0.0233,7.08008463484411,150,236,178.7422
"796",13,179,72.4375,0.0683,555.1417,0.0308,6.43386027028062,157,240,203.4766
"797",37,165,118.75,0.0403,172.4625,0.0475,9.7422,78,186,130.7383
"798",4,199,61.0703,0.075,674.8499,0.0306,6.73832264597953,155,240,204.8398
"799",2,20,3.7188,0.0041,5.5583,0.4264,1.2999,242,254,251.7852
"800",3,102,11.3555,0.0317,205.2834,0.0857,2.7653192990269,209,250,245.2969
"802",6,76,25.7852,0.0382,164.2542,0.0493,3.2166,211,244,234.4531
"803",10,230,100.0703,0.1273,1694.4001,0.0178,7.47726570335033,166,245,200.0742
"804",5,92,34.043,0.0365,139.9125,0.0494,3.1486,191,244,224.6563
"805",9,155,53.3086,0.0705,601.7209,0.0287,6.80049017283988,156,237,210.8516
"806",2,4,2.5547,5e-04,0.1375,0.7628,0.4004,246,249,247.0039
"807",7,95,20.5586,0.029,123.3625,0.0709,8.94,193,245,236.1406
"808",1,93,9.2109,0.0227,155.1459,0.2185,2.3429,209,253,247.1172
"809",9,159,45.0156,0.0653,466.8917,0.0305,6.93452956160772,160,235,214.3672
"810",3,141,30.8047,0.0822,835.6542,0.0267,3.60349078234995,195,252,236.8906
"811",4,46,5.4727,0.0052,13.9708,0.4561,3.8004,222,242,240.1953
"812",4,181,63.0039,0.1054,1241.3625,0.0206,5.46739598391503,175,249,217.7305
"813",2,153,27.1914,0.0802,1004.5417,0.0474,5.82112716237472,175,242,228.4805
"814",9,140,42.0078,0.0749,671.3083,0.0273,5.34407439073202,173,245,226.2969
"815",3,61,8.0391,0.0122,30.9792,0.1725,2.1759,222,246,243.6758
"816",27,190,105.0703,0.1127,1334.292,0.0197,7.64865089382083,155,223,183.8086
"817",7,135,47.7227,0.0653,483.2458,0.0317,5.13004553511867,184,246,223.3633
"818",5,124,21.9531,0.0341,194.2583,0.0704,9.1428,176,240,229.5078
"819",4,133,25.75,0.044,305.975,0.0509,4.01137815109061,178,250,235.8633
"820",4,182,56.2305,0.0478,249.175,0.0395,7.19754893223587,65,238,197.207
"821",3,41,7.4531,0.0086,22.9042,0.2943,1.7913,233,248,245.4531
"822",7,155,46.0391,0.0966,1041.35,0.0216,4.94459057237153,182,249,226.7852
"823",5,164,84.2344,0.0622,405.5625,0.0323,4.96231571232824,195,246,209.8984
"824",6,167,50.168,0.0772,754.1251,0.0279,6.93175397743275,157,237,210.418
"825",5,55,14.5,0.0186,61.6333,0.1174,2.5266,223,245,240.9063
"826",4,169,32.4727,0.0498,443.5458,0.0984,4.57287607871,170,249,233.2891
"827",4,74,11.5859,0.0201,64.9917,0.0985,2.6154,214,248,242.9922
"828",4,128,47.9063,0.1091,1190.9208,0.0191,4.71916815055198,184,251,225.2305
"829",10,142,60.3281,0.084,721.7125,0.0253,5.4637873744875,180,245,217.918
"830",5,38,9.1094,0.007,11.675,0.2701,1.7131,228,249,244.6406
"831",18,212,98.7695,0.1092,1211.0083,0.019,6.77151054439379,166,240,196.5781
"832",3,125,21.3359,0.0621,623.4667,0.0406,5.47905997110194,195,242,231.918
"833",14,163,64.5586,0.0785,637.1417,0.0283,6.87958368744186,158,233,203.5117
"834",1,7,2.0078,8e-04,0.2917,0.6819,0.5348,246,251,248.6055
"835",5,170,26.0703,0.0656,677.475,0.0358,6.03138857558917,177,240,229.3398
"836",3,136,16.6445,0.0423,317.1708,0.0553,3.13882497262527,189,251,242.1953
"837",1,59,7.1445,0.0215,116.2792,0.1976,2.3938,222,249,244.4258
"838",4,58,7.5898,0.0064,15.0417,0.3414,1.5506,222,246,243.5508
"839",13,190,63.9414,0.0742,608.5959,0.0282,6.17931084350574,163,241,213.3594
"840",9,178,84.1758,0.0927,939.0333,0.0223,7.26056039294195,150,232,190.4453
"841",5,116,36.0195,0.0703,568.975,0.0315,7.00810585668266,171,234,216.6875
"842",4,97,24.6758,0.0428,270.8708,0.0532,3.99447807631807,205,247,236.5742
"843",10,172,72.832,0.0913,845.2084,0.0238,6.01657712288465,169,242,206.75
"844",1,79,8.5469,0.0286,166.4834,0.1,2.8374,219,252,247.6328
"845",4,183,44.9961,0.0758,877.625,0.0337,5.00357911930867,168,250,226.6875
"846",4,81,35.1211,0.0371,183.1459,0.0515,3.1992,195,245,223.0273
"847",3,17,3.6758,0.0025,2.3042,0.4961,1.0354,243,250,248.8125
"848",4,56,8.1367,0.0125,41.0417,0.2101,2.1007,217,247,244.3125
"849",6,123,36.7422,0.0798,794.5791,0.0325,4.85032491787357,187,248,231.293
"850",5,195,38.8633,0.0776,757.7209,0.0263,4.4539960002324,182,252,232.5898
"851",2,38,3.8828,0.0049,15.3458,0.5286,1.1401,231,252,248.7148
"852",7,131,45.832,0.0669,495.6709,0.03,6.24132661236523,183,239,219.543
"853",9,167,61.8086,0.0704,536.7501,0.0289,7.14835106266871,155,231,200.7109
"854",4,28,8.3242,0.0112,17.0583,0.1576,2.1046,237,247,244.3672
"855",9,179,95.3164,0.0925,831.4083,0.024,7.222366536252,153,232,183.6719
"856",1,18,2.5508,0.0075,13.7,0.2738,1.7494,243,253,251.1523
"857",8,160,66.6836,0.0861,814.446,0.0237,5.59386039567945,169,246,213.7773
"858",6,199,74.3047,0.0856,861.6916,0.0239,6.73862084668439,159,239,197.3828
"859",24,182,108.0859,0.0566,379.5084,0.0353,7.75921242807945,93,222,154.707
"860",4,162,28.9297,0.0712,854.8083,0.0426,4.50055280267921,175,250,236.7813
"861",5,70,12.2969,0.0186,69.525,0.1573,7.3944,200,239,233.5234
"862",24,203,86.6445,0.0565,389.1833,0.0359,6.20583166911889,175,238,204.0117
"863",17,184,88.2148,0.0995,1047.5167,0.0214,6.80386105258606,165,236,199.2109
"864",12,203,86.6055,0.0942,936.9333,0.0226,6.25140164908474,163,243,203.2617
"865",9,146,42.0742,0.0545,394.7584,0.0392,5.57742873265789,182,243,222.9844
"866",7,135,23.4766,0.0285,131.3333,0.0817,2.9121,198,246,238.1016
"867",4,155,35.7617,0.0653,568.9292,0.0379,5.87111882319897,180,242,224.9883
"868",4,117,28.9336,0.0627,494.3541,0.0345,3.66485950029045,200,250,234.6602
"869",3,204,40.9727,0.0838,1008.8375,0.0294,4.38184829192801,175,252,231.5898
"870",9,140,48.5117,0.0692,538.8292,0.0308,5.25082859024053,185,244,223.6445
"871",5,78,23.0586,0.0269,88.0542,0.0683,2.8978,214,245,237.0625
"872",15,156,58.0195,0.0771,705.1,0.0256,7.9388944590752,49,215,154.1484
"873",14,172,77.3281,0.1099,1255.7084,0.0194,6.19178579141964,178,243,208.0625
"874",4,52,13.4297,0.0197,67.6042,0.1077,2.5915,215,240,234.7539
"875",7,179,63.7422,0.1006,1071.4249,0.0211,7.04783491210743,154,236,200.0625
"876",10,150,56.3711,0.0721,547.4083,0.0282,6.7254823101144,161,236,207.9805
"877",14,188,94.4922,0.0796,683.9791,0.0261,7.25220833354241,149,228,182.5742
"878",13,212,119.1836,0.1103,1218.421,0.0199,7.95033069624424,134,228,169.3594
"879",4,8,4.6797,0.0012,0.425,0.597,0.6976,245,247,245.8555
"880",2,144,39.1797,0.0927,1103.5792,0.0247,3.7762461415382,199,254,236.0547
"881",9,151,47.8555,0.0857,826.0541,0.0238,5.35397177705201,174,246,220.4492
"882",5,155,58.5313,0.0975,954.0084,0.023,6.31628147893083,173,240,212.3828
"883",9,195,58,0.0837,805.3749,0.0264,5.70910235227086,167,245,217.2734
"884",4,40,7.2773,0.0074,15.5542,0.2804,1.7237,227,247,244.6055
"885",2,58,8.8828,0.0234,109.2417,0.1198,2.6744,228,253,248.5781
"886",3,14,4.5859,0.0022,1.6042,0.5123,0.9851,243,247,246.7148
"887",7,85,26.3008,0.0391,175.575,0.0476,3.2397,213,245,234.9336
"888",5,152,43.4297,0.0569,576.2334,0.0491,7.10964574837652,127,238,210.2188
"889",12,200,84.4102,0.1008,1077.6417,0.0211,6.20149363244687,168,244,207.1719
"891",7,130,21.7852,0.0304,156.4167,0.0832,2.9435,203,246,238.5508
"892",2,194,43.7109,0.1003,1282.8085,0.0255,5.21600121391918,180,248,225.5625
"893",3,150,21.4063,0.053,568.5167,0.0568,3.184215966358,199,253,242.2344
"894",5,117,26.3164,0.0506,350.9125,0.0422,3.99219333085026,197,249,235.8047
"895",7,91,30.9844,0.0392,209.9875,0.0518,4.18430318744502,203,247,232.4492
"896",10,166,74.7852,0.0996,1016.4583,0.0216,7.33697691064451,155,230,194.5898
"897",2,4,2.9258,4e-04,0.1083,0.8068,0.343,245,246,245.6211
"898",3,45,7.5859,0.0191,70.5125,0.1227,2.5322,229,252,248.0859
"899",10,177,81.7539,0.0744,577.2333,0.0269,6.74790146511155,154,236,193.4258
"900",8,187,88.5469,0.1025,1119.3625,0.021,6.63343183352578,163,241,198.1133
"901",5,115,30.4648,0.0706,579.8751,0.0326,4.24162366527643,198,249,234.2422
"902",6,150,32.8086,0.0588,476.4333,0.0394,4.73437864653061,184,248,232.2539
"903",3,110,28.8945,0.0679,562.1083,0.0315,3.84888162203782,202,250,236.3984
"904",1,119,12.5313,0.0388,342.2917,0.101,3.06422013242939,198,251,243.6484
"905",6,147,57.4727,0.078,646.0667,0.0261,7.54998545702847,94,234,179.5977
"906",14,135,56.625,0.0687,528.9,0.0293,5.80223647381155,186,241,218.0078
"907",11,120,46.2813,0.0556,338.5959,0.035,6.22934539192485,176,239,216.0859
"908",1,26,1.9688,0.0044,9.4583,0.3949,1.2134,242,253,252.0391
"909",1,39,2.8477,0.0075,28.4625,0.3588,1.4861,233,251,249.3906
"910",9,166,91.1914,0.0754,594.5583,0.0273,5.23248504817786,197,244,212.4531
"911",11,180,79.3711,0.0825,668.7709,0.0242,7.27981086627802,152,230,189.2305
"912",1,3,1.5352,5e-04,0.1333,0.7689,0.3927,247,250,248.0625
"913",5,195,56.0664,0.0716,610.6334,0.0348,6.59696073398392,157,240,211.9922
"914",15,140,60.5469,0.0692,496.1917,0.0295,6.85980115167625,163,231,205.1367
"915",1,157,17.0977,0.0262,180.1583,0.2039,2.4189,192,254,243.2461
"916",1,16,1.8672,0.0016,1.2667,0.5557,0.7771,245,251,249.6602
"917",8,101,39.5117,0.0773,621.4417,0.0265,4.63796872889724,200,246,228.793
"918",8,155,64.8047,0.0831,734.7458,0.0237,5.73094125297456,168,246,212.2422
"919",9,148,52.4805,0.069,559.2917,0.0306,6.36974248397373,166,240,213.082
"920",8,148,60.2891,0.0838,743.9418,0.0264,7.29828211604041,113,234,197.9453
"921",6,99,27.8125,0.0497,347.3833,0.0493,4.89018257077923,195,245,229.6133
"922",4,205,60.3398,0.1163,1624.7832,0.0201,6.9982232913991,163,240,213.7813
"923",4,154,46.8711,0.0823,814.2875,0.0264,4.52456402352699,193,248,227.5977
"925",3,79,8.8594,0.0125,46.2458,0.2143,2.061,214,247,243.4531
"926",1,4,2.0508,4e-04,0.1208,0.8059,0.3607,247,250,248.7266
"927",3,98,30.3008,0.063,470.8459,0.0327,5.1868035753798,192,244,227.4961
"928",5,116,40.3398,0.065,481.4333,0.03,5.88479943322405,186,242,220.8594
"929",3,122,24.7734,0.0459,316.5458,0.0589,3.23498514449408,194,251,238.1523
"930",3,81,12.9961,0.025,105.0875,0.0889,2.8225,206,251,243.0625
"931",9,120,53.8711,0.0815,699.9708,0.0257,6.24039714042378,185,239,215.2305
"932",1,126,23.3477,0.0705,835.8083,0.0407,3.30529848839652,204,253,242.3594
"933",7,139,40.9453,0.0737,613.0292,0.0268,4.9077305748809,188,247,228.5234
"934",12,122,47.6953,0.06,383.6125,0.033,6.77682588451975,176,235,213.3672
"935",3,144,14.0781,0.037,313.1917,0.1103,5.70495620754762,178,241,234.6133
"936",7,165,72.0977,0.0577,370.7875,0.0345,5.48661080830752,177,246,211.6797
"937",3,181,47.5,0.1034,1374.9335,0.0249,5.11151241856706,174,250,225.5898
"938",4,121,33.7031,0.0579,414.2751,0.0358,6.91704444547315,175,236,218.7148
"939",8,199,107.8203,0.1102,1258.2792,0.0193,7.52306419644668,157,237,185.2891
"940",9,183,69.7891,0.1383,1951.8292,0.0167,6.76207590694719,176,249,214.7227
"941",7,82,23.8125,0.0356,164.9792,0.0552,3.1558,213,248,237.0039
"942",2,199,42.4883,0.0694,1214.4458,0.138,4.99822759603064,168,248,229.2031
"943",5,137,25.168,0.0368,293.7751,0.1022,4.1648476395865,188,247,236.5703
"944",3,127,24.9609,0.031,153.3417,0.0832,2.9498,200,249,238.6367
"945",43,190,113.8906,0.0824,723.6,0.0253,5.02375805686955,191,228,205.043
"946",6,153,33.4023,0.0601,458.5625,0.0359,5.11904551893764,184,245,229.9297
"947",7,172,58.2617,0.0742,663.0291,0.0298,6.71611623868213,157,238,210.1133
"948",3,124,14.8125,0.0293,253.2958,0.1403,4.32003013499604,182,245,237.4219
"949",3,173,30.832,0.0731,1013.2083,0.0552,5.5444469502081,169,245,229.9258
"950",7,102,13.0117,0.0085,31.3375,0.3865,1.5721,202,244,240.4961
"951",7,113,17.457,0.0239,137.1042,0.124,2.6353,186,246,238.5273
"952",5,36,9.3203,0.0089,16.4,0.2231,1.8998,232,247,243.4844
"953",5,196,48.3164,0.0881,938.0168,0.0248,5.25280927689177,171,250,223.7461
"954",4,110,25.8867,0.0375,217.5208,0.0594,6.9236036239047,173,237,223.5117
"955",2,74,12.7539,0.03,139.7334,0.0742,2.9652,207,249,242.3555
"956",4,125,18.4297,0.0422,273.6042,0.0544,4.75081083218428,185,245,235.6484
"957",3,156,22.3164,0.06,685.1917,0.0765,5.20486607921196,178,245,233.7891
"958",8,151,56.2578,0.0868,806.4582,0.0251,5.41049181691006,183,246,220.2305
"959",7,155,59.2305,0.0837,745.0083,0.025,6.96868298683988,162,234,203.8516
"960",4,179,32.4141,0.0424,393.2667,0.0752,4.11385364442298,195,247,235.4531
"961",4,9,5.6328,0.0014,0.5375,0.5609,0.7817,242,246,244.1328
"962",9,187,76.4453,0.0962,953.1791,0.0214,7.38839856783964,150,231,191.9688
"963",1,45,7.3477,0.0195,64.1542,0.1056,2.6182,232,252,248.3164
"964",7,145,40.3945,0.0629,490.3209,0.0326,7.03864183979707,165,235,214.9297
"965",2,113,21.1641,0.0552,559.5083,0.099,3.18032903752286,200,253,242.1406
"966",6,46,11.4844,0.0139,34.3542,0.1417,2.3308,226,246,242.5742
"967",7,75,15.4492,0.0154,44.2,0.129,2.4034,215,246,240.957
"968",8,239,106.0078,0.1299,1770.6416,0.018,7.48735916228509,165,247,199.2969
"969",2,81,11.6523,0.0305,137.7875,0.0661,3.024,220,252,246.8203
"970",4,182,38.4727,0.0804,798.5458,0.0261,6.46714660250657,172,240,224.6289
"971",2,41,7.8438,0.0178,50.2875,0.1069,2.5478,234,252,248.6328
"972",6,67,19.332,0.0296,113.5667,0.0651,2.9789,221,246,239.7344
"973",18,151,95.1094,0.0599,376.5375,0.034,6.95421224931681,158,230,182.4023
"974",1,11,1.5664,8e-04,0.5042,0.7228,0.5149,245,251,249.9492
"975",5,169,52.5195,0.0788,676.7958,0.0257,6.77777207529638,159,239,209.7813
"976",5,107,44.9219,0.0396,188.4584,0.0542,3.1971,184,246,221.6445
"977",1,56,6.1016,0.0153,62.2333,0.2167,2.1566,219,253,248.6328
"978",3,25,4.7734,0.0049,7.8792,0.3535,1.4045,237,247,246.1211
"979",9,168,61.2461,0.0965,1016.0208,0.0231,6.85572818395444,160,237,206.957
"980",4,173,30.6953,0.0678,651.0917,0.0334,5.59713041838264,183,243,228.8125
"981",1,40,6.4922,0.0159,50.575,0.1772,2.3393,234,253,249.8477
"982",2,3,2.3906,5e-04,0.1208,0.7875,0.3686,249,252,250.1445
"983",6,98,24.5,0.0446,270.9333,0.049,4.6169714413975,198,246,234.2578
"984",4,162,39.875,0.0592,519.0958,0.0416,6.83982361055229,155,239,218.332
"985",5,209,66.9805,0.1249,1725.6503,0.0186,6.40738175085751,166,249,215.8789
"986",7,134,34.6992,0.0738,694.3834,0.0314,6.17303648280011,184,239,224.5898
"987",6,115,23.8047,0.042,342.0583,0.0733,6.87829250444755,176,237,226.625
"988",5,158,31.5781,0.0773,867.2499,0.0316,5.24286021326927,172,248,229.6406
"989",5,181,41.5859,0.0667,538.9625,0.0319,6.0030321886724,174,242,222.3984
"990",7,113,24.125,0.0381,204.9541,0.0573,6.45403954375726,179,239,228.6289
"991",5,144,40.5039,0.0909,1054.0376,0.0253,4.64071572389414,193,249,230.0742
"992",10,130,48.9297,0.0631,452.2875,0.0324,6.62753787198305,168,237,213.5742
"993",4,90,22.5391,0.0413,213.5125,0.0477,3.79554909440432,204,247,236.9844
"994",6,103,18.25,0.0216,89.4375,0.0992,2.6809,218,246,240.3438
"995",7,107,24.6172,0.0404,277.175,0.0661,6.41825433431528,184,239,228.0273
"996",2,24,4.2852,0.0055,7.8917,0.3374,1.5078,237,252,248.9414
"997",7,149,31.9336,0.0555,397.1833,0.037,5.11646361294409,174,246,231.543
"998",6,140,49.7695,0.0864,789.9916,0.0236,6.72227340772815,165,237,210.7266
"999",9,168,59.6367,0.0847,731.1208,0.0267,6.69959339698155,157,237,207.6719
"1000",8,148,54.7578,0.0866,845.8334,0.0255,6.34874193352137,174,239,214.457
"1001",7,141,32.9063,0.067,547.2209,0.0325,6.84823614961437,166,237,218.8398
"1002",3,97,25.3086,0.0577,394.6417,0.0348,3.32992978850198,209,252,241.375
"1003",2,24,3.3125,0.0041,5.8,0.3905,1.2964,241,253,250.9414
"1004",7,115,30.7227,0.0492,327.5625,0.0499,5.24844913420819,187,245,229.8906
"1005",8,139,46.6641,0.0711,572.875,0.0284,5.24084618979351,182,245,223.1406
"1006",5,199,96.9922,0.076,714.3752,0.0296,6.71811685111781,155,240,186.7305
"1007",20,171,92.9023,0.0926,903.6375,0.0231,7.36775076448604,142,227,179.1836
"1008",4,161,43.8945,0.071,679.4,0.0315,6.86616704121039,153,239,214.5625
"1009",1,40,5.1836,0.0146,43.5292,0.148,2.31,230,253,249.918
"1010",15,176,86.4063,0.0999,1055.2375,0.0209,7.25930391981491,159,227,190.2969
"1011",11,144,57.0117,0.0663,477.6208,0.0294,6.19995693396637,170,242,212.1836
"1012",5,218,51.8008,0.1246,1920.8671,0.0205,6.29888220298353,167,249,223.6523
"1013",6,126,43.4492,0.0624,462.8,0.0317,5.29687308283976,174,247,224.5703
"1014",10,214,77.7266,0.1361,2022.2292,0.0168,7.89397767762746,168,242,208.9375
"1015",5,166,32.3359,0.0665,572.0459,0.0331,6.07484752041729,170,242,222.5938
"1016",4,213,119.9648,0.0745,618.7792,0.0281,7.38968446317393,45,239,163.9141
"1017",3,37,5.0547,0.006,16.2542,0.3866,1.4387,230,249,247.0469
"1018",3,153,19.3945,0.0287,238.55,0.1743,5.16309954331532,173,242,232.1445
"1019",1,21,1.6484,0.0028,4.9708,0.5448,0.9784,244,254,252.793
"1020",1,63,12.1055,0.0347,209.3375,0.1047,2.79384488586308,217,249,242.3125
